timestamp,input1,input2,input3,input4,input5,input6,input7,input8,input9,input10,input11,input12,input13,input14,input15,input16,ch1,ch2,ch3,ch4,ch5,ch6,ch7,ch8,ch9,ch10,ch11,ch12,ch13,ch14,ch15,ch16,sa,sb,sc,sd,tx-voltage,timer1,timer2
1000,76,17,0,0,0,0,0,0,0,0,0,0,0,0,0,0,17,76,0,0,0,0,0,0,0,0,0,0,0,0,0,0,-1024,-1024,-1024,-1024,8.4,0,0
1004,77,20,0,0,0,0,0,0,0,0,0,0,0,0,0,0,20,77,0,0,0,0,0,0,0,0,0,0,0,0,0,0,-1024,-1024,-1024,-1024,8.4,4,0
1008,77,24,0,0,0,0,0,0,0,0,0,0,0,0,0,0,24,77,0,0,0,0,0,0,0,0,0,0,0,0,0,0,-1024,-1024,-1024,-1024,8.4,8,0
1012,77,28,0,0,0,0,0,0,0,0,0,0,0,0,0,0,28,77,0,0,0,0,0,0,0,0,0,0,0,0,0,0,-1024,-1024,-1024,-1024,8.4,12,0
1016,78,31,0,0,0,0,0,0,0,0,0,0,0,0,0,0,31,78,0,0,0,0,0,0,0,0,0,0,0,0,0,0,-1024,-1024,-1024,-1024,8.4,16,0
1020,79,34,0,0,0,0,0,0,0,0,0,0,0,0,0,0,34,79,0,0,0,0,0,0,0,0,0,0,0,0,0,0,-1024,-1024,-1024,-1024,8.4,20,0
1024,80,36,0,0,0,0,0,0,0,0,0,0,0,0,0,0,36,80,0,0,0,0,0,0,0,0,0,0,0,0,0,0,-1024,-1024,-1024,-1024,8.4,24,0
1028,80,38,0,0,0,0,0,0,0,0,0,0,0,0,0,0,38,80,0,0,0,0,0,0,0,0,0,0,0,0,0,0,-1024,-1024,-1024,-1024,8.4,28,0
1032,81,40,0,0,0,0,0,0,0,0,0,0,0,0,0,0,40,81,0,0,0,0,0,0,0,0,0,0,0,0,0,0,-1024,-1024,-1024,-1024,8.4,32,0
1036,81,42,0,0,0,0,0,0,0,0,0,0,0,0,0,0,42,81,0,0,0,0,0,0,0,0,0,0,0,0,0,0,-1024,-1024,-1024,-1024,8.4,36,0
1040,80,46,0,0,0,0,0,0,0,0,0,0,0,0,0,0,46,80,0,0,0,0,0,0,0,0,0,0,0,0,0,0,-1024,-1024,-1024,-1024,8.4,40,0
1044,80,49,0,0,0,0,0,0,0,0,0,0,0,0,0,0,49,80,0,0,0,0,0,0,0,0,0,0,0,0,0,0,-1024,-1024,-1024,-1024,8.4,44,0
1048,79,52,0,0,0,0,0,0,0,0,0,0,0,0,0,0,52,79,0,0,0,0,0,0,0,0,0,0,0,0,0,0,-1024,-1024,-1024,-1024,8.4,48,0
1052,79,53,0,0,0,0,0,0,0,0,0,0,0,0,0,0,53,79,0,0,0,0,0,0,0,0,0,0,0,0,0,0,-1024,-1024,-1024,-1024,8.4,52,0
1056,78,55,0,0,0,0,0,0,0,0,0,0,0,0,0,0,55,78,0,0,0,0,0,0,0,0,0,0,0,0,0,0,-1024,-1024,-1024,-1024,8.4,56,0
1060,78,57,0,0,0,0,0,0,0,0,0,0,0,0,0,0,57,78,0,0,0,0,0,0,0,0,0,0,0,0,0,0,-1024,-1024,-1024,-1024,8.4,60,0
1064,79,59,0,0,0,0,0,0,0,0,0,0,0,0,0,0,59,79,0,0,0,0,0,0,0,0,0,0,0,0,0,0,-1024,-1024,-1024,-1024,8.4,64,0
1068,80,61,0,0,0,0,0,0,0,0,0,0,0,0,0,0,61,80,0,0,0,0,0,0,0,0,0,0,0,0,0,0,-1024,-1024,-1024,-1024,8.4,68,0
1072,81,61,0,0,0,0,0,0,0,0,0,0,0,0,0,0,61,81,0,0,0,0,0,0,0,0,0,0,0,0,0,0,-1024,-1024,-1024,-1024,8.4,72,0
1076,81,60,0,0,0,0,0,0,0,0,0,0,0,0,0,0,60,81,0,0,0,0,0,0,0,0,0,0,0,0,0,0,-1024,-1024,-1024,-1024,8.4,76,0
1080,82,59,0,0,0,0,0,0,0,0,0,0,0,0,0,0,59,82,0,0,0,0,0,0,0,0,0,0,0,0,0,0,-1024,-1024,-1024,-1024,8.4,80,0
1084,82,58,0,0,0,0,0,0,0,0,0,0,0,0,0,0,58,82,0,0,0,0,0,0,0,0,0,0,0,0,0,0,-1024,-1024,-1024,-1024,8.4,84,0
1088,83,58,0,0,0,0,0,0,0,0,0,0,0,0,0,0,58,83,0,0,0,0,0,0,0,0,0,0,0,0,0,0,-1024,-1024,-1024,-1024,8.4,88,0
1092,82,58,0,0,0,0,0,0,0,0,0,0,0,0,0,0,58,82,0,0,0,0,0,0,0,0,0,0,0,0,0,0,-1024,-1024,-1024,-1024,8.4,92,0
1096,82,59,0,0,0,0,0,0,0,0,0,0,0,0,0,0,59,82,0,0,0,0,0,0,0,0,0,0,0,0,0,0,-1024,-1024,-1024,-1024,8.4,96,0
1100,82,58,0,0,0,0,0,0,0,0,0,0,0,0,0,0,58,82,0,0,0,0,0,0,0,0,0,0,0,0,0,0,-1024,-1024,-1024,-1024,8.4,100,0
1104,83,58,0,0,0,0,0,0,0,0,0,0,0,0,0,0,58,83,0,0,0,0,0,0,0,0,0,0,0,0,0,0,-1024,-1024,-1024,-1024,8.4,104,0
1108,83,59,0,0,0,0,0,0,0,0,0,0,0,0,0,0,59,83,0,0,0,0,0,0,0,0,0,0,0,0,0,0,-1024,-1024,-1024,-1024,8.4,108,0
1112,83,60,0,0,0,0,0,0,0,0,0,0,0,0,0,0,60,83,0,0,0,0,0,0,0,0,0,0,0,0,0,0,-1024,-1024,-1024,-1024,8.4,112,0
1116,83,62,0,0,0,0,0,0,0,0,0,0,0,0,0,0,62,83,0,0,0,0,0,0,0,0,0,0,0,0,0,0,-1024,-1024,-1024,-1024,8.4,116,0
1120,83,64,0,0,0,0,0,0,0,0,0,0,0,0,0,0,64,83,0,0,0,0,0,0,0,0,0,0,0,0,0,0,-1024,-1024,-1024,-1024,8.4,120,0
1124,83,65,0,0,0,0,0,0,0,0,0,0,0,0,0,0,65,83,0,0,0,0,0,0,0,0,0,0,0,0,0,0,-1024,-1024,-1024,-1024,8.4,124,0
1128,82,65,0,0,0,0,0,0,0,0,0,0,0,0,0,0,65,82,0,0,0,0,0,0,0,0,0,0,0,0,0,0,-1024,-1024,-1024,-1024,8.4,128,0
1132,80,65,0,0,0,0,0,0,0,0,0,0,0,0,0,0,65,80,0,0,0,0,0,0,0,0,0,0,0,0,0,0,-1024,-1024,-1024,-1024,8.4,132,0
1136,79,65,0,0,0,0,0,0,0,0,0,0,0,0,0,0,65,79,0,0,0,0,0,0,0,0,0,0,0,0,0,0,-1024,-1024,-1024,-1024,8.4,136,0
1140,77,65,0,0,0,0,0,0,0,0,0,0,0,0,0,0,65,77,0,0,0,0,0,0,0,0,0,0,0,0,0,0,-1024,-1024,-1024,-1024,8.4,140,0
1144,76,65,0,0,0,0,0,0,0,0,0,0,0,0,0,0,65,76,0,0,0,0,0,0,0,0,0,0,0,0,0,0,-1024,-1024,-1024,-1024,8.4,144,0
1148,75,64,0,0,0,0,0,0,0,0,0,0,0,0,0,0,64,75,0,0,0,0,0,0,0,0,0,0,0,0,0,0,-1024,-1024,-1024,-1024,8.4,148,0
1152,74,63,0,0,0,0,0,0,0,0,0,0,0,0,0,0,63,74,0,0,0,0,0,0,0,0,0,0,0,0,0,0,-1024,-1024,-1024,-1024,8.4,152,0
1156,73,62,0,0,0,0,0,0,0,0,0,0,0,0,0,0,62,73,0,0,0,0,0,0,0,0,0,0,0,0,0,0,-1024,-1024,-1024,-1024,8.4,156,0
1160,73,62,0,0,0,0,0,0,0,0,0,0,0,0,0,0,62,73,0,0,0,0,0,0,0,0,0,0,0,0,0,0,-1024,-1024,-1024,-1024,8.4,160,0
1164,73,62,0,0,0,0,0,0,0,0,0,0,0,0,0,0,62,73,0,0,0,0,0,0,0,0,0,0,0,0,0,0,-1024,-1024,-1024,-1024,8.4,164,0
1168,73,63,0,0,0,0,0,0,0,0,0,0,0,0,0,0,63,73,0,0,0,0,0,0,0,0,0,0,0,0,0,0,-1024,-1024,-1024,-1024,8.4,168,0
1172,72,64,0,0,0,0,0,0,0,0,0,0,0,0,0,0,64,72,0,0,0,0,0,0,0,0,0,0,0,0,0,0,-1024,-1024,-1024,-1024,8.4,172,0
1176,72,63,0,0,0,0,0,0,0,0,0,0,0,0,0,0,63,72,0,0,0,0,0,0,0,0,0,0,0,0,0,0,-1024,-1024,-1024,-1024,8.4,176,0
1180,71,63,0,0,0,0,0,0,0,0,0,0,0,0,0,0,63,71,0,0,0,0,0,0,0,0,0,0,0,0,0,0,-1024,-1024,-1024,-1024,8.4,180,0
1184,71,62,0,0,0,0,0,0,0,0,0,0,0,0,0,0,62,71,0,0,0,0,0,0,0,0,0,0,0,0,0,0,-1024,-1024,-1024,-1024,8.4,184,0
1188,71,62,0,0,0,0,0,0,0,0,0,0,0,0,0,0,62,71,0,0,0,0,0,0,0,0,0,0,0,0,0,0,-1024,-1024,-1024,-1024,8.4,188,0
1192,72,62,0,0,0,0,0,0,0,0,0,0,0,0,0,0,62,72,0,0,0,0,0,0,0,0,0,0,0,0,0,0,-1024,-1024,-1024,-1024,8.4,192,0
1196,73,60,0,0,0,0,0,0,0,0,0,0,0,0,0,0,60,73,0,0,0,0,0,0,0,0,0,0,0,0,0,0,-1024,-1024,-1024,-1024,8.4,196,0
1200,74,58,0,0,0,0,0,0,0,0,0,0,0,0,0,0,58,74,0,0,0,0,0,0,0,0,0,0,0,0,0,0,-1024,-1024,-1024,-1024,8.4,200,0
1204,76,55,0,0,0,0,0,0,0,0,0,0,0,0,0,0,55,76,0,0,0,0,0,0,0,0,0,0,0,0,0,0,-1024,-1024,-1024,-1024,8.4,204,0
1208,77,52,0,0,0,0,0,0,0,0,0,0,0,0,0,0,52,77,0,0,0,0,0,0,0,0,0,0,0,0,0,0,-1024,-1024,-1024,-1024,8.4,208,0
1212,78,50,0,0,0,0,0,0,0,0,0,0,0,0,0,0,50,78,0,0,0,0,0,0,0,0,0,0,0,0,0,0,-1024,-1024,-1024,-1024,8.4,212,0
1216,79,48,0,0,0,0,0,0,0,0,0,0,0,0,0,0,48,79,0,0,0,0,0,0,0,0,0,0,0,0,0,0,-1024,-1024,-1024,-1024,8.4,216,0
1220,79,47,0,0,0,0,0,0,0,0,0,0,0,0,0,0,47,79,0,0,0,0,0,0,0,0,0,0,0,0,0,0,-1024,-1024,-1024,-1024,8.4,220,0
1224,79,45,0,0,0,0,0,0,0,0,0,0,0,0,0,0,45,79,0,0,0,0,0,0,0,0,0,0,0,0,0,0,-1024,-1024,-1024,-1024,8.4,224,0
1228,79,44,0,0,0,0,0,0,0,0,0,0,0,0,0,0,44,79,0,0,0,0,0,0,0,0,0,0,0,0,0,0,-1024,-1024,-1024,-1024,8.4,228,0
1232,79,43,0,0,0,0,0,0,0,0,0,0,0,0,0,0,43,79,0,0,0,0,0,0,0,0,0,0,0,0,0,0,-1024,-1024,-1024,-1024,8.4,232,0
1236,79,43,0,0,0,0,0,0,0,0,0,0,0,0,0,0,43,79,0,0,0,0,0,0,0,0,0,0,0,0,0,0,-1024,-1024,-1024,-1024,8.4,236,0
1240,80,44,0,0,0,0,0,0,0,0,0,0,0,0,0,0,44,80,0,0,0,0,0,0,0,0,0,0,0,0,0,0,-1024,-1024,-1024,-1024,8.4,240,0
1244,80,45,0,0,0,0,0,0,0,0,0,0,0,0,0,0,45,80,0,0,0,0,0,0,0,0,0,0,0,0,0,0,-1024,-1024,-1024,-1024,8.4,244,0
1248,81,45,0,0,0,0,0,0,0,0,0,0,0,0,0,0,45,81,0,0,0,0,0,0,0,0,0,0,0,0,0,0,-1024,-1024,-1024,-1024,8.4,248,0
1252,81,45,0,0,0,0,0,0,0,0,0,0,0,0,0,0,45,81,0,0,0,0,0,0,0,0,0,0,0,0,0,0,-1024,-1024,-1024,-1024,8.3,252,0
1256,81,44,0,0,0,0,0,0,0,0,0,0,0,0,0,0,44,81,0,0,0,0,0,0,0,0,0,0,0,0,0,0,-1024,-1024,-1024,-1024,8.3,256,0
1260,81,44,0,0,0,0,0,0,0,0,0,0,0,0,0,0,44,81,0,0,0,0,0,0,0,0,0,0,0,0,0,0,-1024,-1024,-1024,-1024,8.3,260,0
1264,80,45,0,0,0,0,0,0,0,0,0,0,0,0,0,0,45,80,0,0,0,0,0,0,0,0,0,0,0,0,0,0,-1024,-1024,-1024,-1024,8.3,264,0
1268,79,45,0,0,0,0,0,0,0,0,0,0,0,0,0,0,45,79,0,0,0,0,0,0,0,0,0,0,0,0,0,0,-1024,-1024,-1024,-1024,8.3,268,0
1272,79,46,0,0,0,0,0,0,0,0,0,0,0,0,0,0,46,79,0,0,0,0,0,0,0,0,0,0,0,0,0,0,-1024,-1024,-1024,-1024,8.3,272,0
1276,79,46,0,0,0,0,0,0,0,0,0,0,0,0,0,0,46,79,0,0,0,0,0,0,0,0,0,0,0,0,0,0,-1024,-1024,-1024,-1024,8.3,276,0
1280,79,46,0,0,0,0,0,0,0,0,0,0,0,0,0,0,46,79,0,0,0,0,0,0,0,0,0,0,0,0,0,0,-1024,-1024,-1024,-1024,8.3,280,0
1284,80,47,0,0,0,0,0,0,0,0,0,0,0,0,0,0,47,80,0,0,0,0,0,0,0,0,0,0,0,0,0,0,-1024,-1024,-1024,-1024,8.3,284,0
1288,81,49,0,0,0,0,0,0,0,0,0,0,0,0,0,0,49,81,0,0,0,0,0,0,0,0,0,0,0,0,0,0,-1024,-1024,-1024,-1024,8.3,288,0
1292,82,52,0,0,0,0,0,0,0,0,0,0,0,0,0,0,52,82,0,0,0,0,0,0,0,0,0,0,0,0,0,0,-1024,-1024,-1024,-1024,8.3,292,0
1296,83,55,0,0,0,0,0,0,0,0,0,0,0,0,0,0,55,83,0,0,0,0,0,0,0,0,0,0,0,0,0,0,-1024,-1024,-1024,-1024,8.3,296,0
1300,84,57,0,0,0,0,0,0,0,0,0,0,0,0,0,0,57,84,0,0,0,0,0,0,0,0,0,0,0,0,0,0,-1024,-1024,-1024,-1024,8.3,300,0
1304,84,59,0,0,0,0,0,0,0,0,0,0,0,0,0,0,59,84,0,0,0,0,0,0,0,0,0,0,0,0,0,0,-1024,-1024,-1024,-1024,8.3,304,0
1308,84,61,0,0,0,0,0,0,0,0,0,0,0,0,0,0,61,84,0,0,0,0,0,0,0,0,0,0,0,0,0,0,-1024,-1024,-1024,-1024,8.3,308,0
1312,85,63,0,0,0,0,0,0,0,0,0,0,0,0,0,0,63,85,0,0,0,0,0,0,0,0,0,0,0,0,0,0,-1024,-1024,-1024,-1024,8.3,312,0
1316,85,65,0,0,0,0,0,0,0,0,0,0,0,0,0,0,65,85,0,0,0,0,0,0,0,0,0,0,0,0,0,0,-1024,-1024,-1024,-1024,8.3,316,0
1320,85,67,0,0,0,0,0,0,0,0,0,0,0,0,0,0,67,85,0,0,0,0,0,0,0,0,0,0,0,0,0,0,-1024,-1024,-1024,-1024,8.3,320,0
1324,85,68,0,0,0,0,0,0,0,0,0,0,0,0,0,0,68,85,0,0,0,0,0,0,0,0,0,0,0,0,0,0,-1024,-1024,-1024,-1024,8.3,324,0
1328,85,67,0,0,0,0,0,0,0,0,0,0,0,0,0,0,67,85,0,0,0,0,0,0,0,0,0,0,0,0,0,0,-1024,-1024,-1024,-1024,8.3,328,0
1332,85,67,0,0,0,0,0,0,0,0,0,0,0,0,0,0,67,85,0,0,0,0,0,0,0,0,0,0,0,0,0,0,-1024,-1024,-1024,-1024,8.3,332,0
1336,85,67,0,0,0,0,0,0,0,0,0,0,0,0,0,0,67,85,0,0,0,0,0,0,0,0,0,0,0,0,0,0,-1024,-1024,-1024,-1024,8.3,336,0
1340,85,68,0,0,0,0,0,0,0,0,0,0,0,0,0,0,68,85,0,0,0,0,0,0,0,0,0,0,0,0,0,0,-1024,-1024,-1024,-1024,8.3,340,0
1344,85,69,0,0,0,0,0,0,0,0,0,0,0,0,0,0,69,85,0,0,0,0,0,0,0,0,0,0,0,0,0,0,-1024,-1024,-1024,-1024,8.3,344,0
1348,83,70,0,0,0,0,0,0,0,0,0,0,0,0,0,0,70,83,0,0,0,0,0,0,0,0,0,0,0,0,0,0,-1024,-1024,-1024,-1024,8.3,348,0
1352,82,70,0,0,0,0,0,0,0,0,0,0,0,0,0,0,70,82,0,0,0,0,0,0,0,0,0,0,0,0,0,0,-1024,-1024,-1024,-1024,8.3,352,0
1356,80,71,0,0,0,0,0,0,0,0,0,0,0,0,0,0,71,80,0,0,0,0,0,0,0,0,0,0,0,0,0,0,-1024,-1024,-1024,-1024,8.3,356,0
1360,78,72,0,0,0,0,0,0,0,0,0,0,0,0,0,0,72,78,0,0,0,0,0,0,0,0,0,0,0,0,0,0,-1024,-1024,-1024,-1024,8.3,360,0
1364,76,74,0,0,0,0,0,0,0,0,0,0,0,0,0,0,74,76,0,0,0,0,0,0,0,0,0,0,0,0,0,0,-1024,-1024,-1024,-1024,8.3,364,0
1368,75,77,0,0,0,0,0,0,0,0,0,0,0,0,0,0,77,75,0,0,0,0,0,0,0,0,0,0,0,0,0,0,-1024,-1024,-1024,-1024,8.3,368,0
1372,74,78,0,0,0,0,0,0,0,0,0,0,0,0,0,0,78,74,0,0,0,0,0,0,0,0,0,0,0,0,0,0,-1024,-1024,-1024,-1024,8.3,372,0
1376,73,79,0,0,0,0,0,0,0,0,0,0,0,0,0,0,79,73,0,0,0,0,0,0,0,0,0,0,0,0,0,0,-1024,-1024,-1024,-1024,8.3,376,0
1380,72,79,0,0,0,0,0,0,0,0,0,0,0,0,0,0,79,72,0,0,0,0,0,0,0,0,0,0,0,0,0,0,-1024,-1024,-1024,-1024,8.3,380,0
1384,71,79,0,0,0,0,0,0,0,0,0,0,0,0,0,0,79,71,0,0,0,0,0,0,0,0,0,0,0,0,0,0,-1024,-1024,-1024,-1024,8.3,384,0
1388,70,80,0,0,0,0,0,0,0,0,0,0,0,0,0,0,80,70,0,0,0,0,0,0,0,0,0,0,0,0,0,0,-1024,-1024,-1024,-1024,8.3,388,0
1392,70,80,0,0,0,0,0,0,0,0,0,0,0,0,0,0,80,70,0,0,0,0,0,0,0,0,0,0,0,0,0,0,-1024,-1024,-1024,-1024,8.3,392,0
1396,68,81,0,0,0,0,0,0,0,0,0,0,0,0,0,0,81,68,0,0,0,0,0,0,0,0,0,0,0,0,0,0,-1024,-1024,-1024,-1024,8.3,396,0
1400,67,81,0,0,0,0,0,0,0,0,0,0,0,0,0,0,81,67,0,0,0,0,0,0,0,0,0,0,0,0,0,0,-1024,-1024,-1024,-1024,8.3,400,0
1404,67,81,0,0,0,0,0,0,0,0,0,0,0,0,0,0,81,67,0,0,0,0,0,0,0,0,0,0,0,0,0,0,-1024,-1024,-1024,-1024,8.3,404,0
1408,66,82,0,0,0,0,0,0,0,0,0,0,0,0,0,0,82,66,0,0,0,0,0,0,0,0,0,0,0,0,0,0,-1024,-1024,-1024,-1024,8.3,408,0
1412,66,83,0,0,0,0,0,0,0,0,0,0,0,0,0,0,83,66,0,0,0,0,0,0,0,0,0,0,0,0,0,0,-1024,-1024,-1024,-1024,8.3,412,0
1416,67,86,0,0,0,0,0,0,0,0,0,0,0,0,0,0,86,67,0,0,0,0,0,0,0,0,0,0,0,0,0,0,-1024,-1024,-1024,-1024,8.3,416,0
1420,67,88,0,0,0,0,0,0,0,0,0,0,0,0,0,0,88,67,0,0,0,0,0,0,0,0,0,0,0,0,0,0,-1024,-1024,-1024,-1024,8.3,420,0
1424,68,91,0,0,0,0,0,0,0,0,0,0,0,0,0,0,91,68,0,0,0,0,0,0,0,0,0,0,0,0,0,0,-1024,-1024,-1024,-1024,8.3,424,0
1428,69,92,0,0,0,0,0,0,0,0,0,0,0,0,0,0,92,69,0,0,0,0,0,0,0,0,0,0,0,0,0,0,-1024,-1024,-1024,-1024,8.3,428,0
1432,69,93,0,0,0,0,0,0,0,0,0,0,0,0,0,0,93,69,0,0,0,0,0,0,0,0,0,0,0,0,0,0,-1024,-1024,-1024,-1024,8.3,432,0
1436,69,94,0,0,0,0,0,0,0,0,0,0,0,0,0,0,94,69,0,0,0,0,0,0,0,0,0,0,0,0,0,0,-1024,-1024,-1024,-1024,8.3,436,0
1440,68,96,0,0,0,0,0,0,0,0,0,0,0,0,0,0,96,68,0,0,0,0,0,0,0,0,0,0,0,0,0,0,-1024,-1024,-1024,-1024,8.3,440,0
1444,67,97,0,0,0,0,0,0,0,0,0,0,0,0,0,0,97,67,0,0,0,0,0,0,0,0,0,0,0,0,0,0,-1024,-1024,-1024,-1024,8.3,444,0
1448,67,97,0,0,0,0,0,0,0,0,0,0,0,0,0,0,97,67,0,0,0,0,0,0,0,0,0,0,0,0,0,0,-1024,-1024,-1024,-1024,8.3,448,0
1452,66,95,0,0,0,0,0,0,0,0,0,0,0,0,0,0,95,66,0,0,0,0,0,0,0,0,0,0,0,0,0,0,-1024,-1024,-1024,-1024,8.3,452,0
1456,66,93,0,0,0,0,0,0,0,0,0,0,0,0,0,0,93,66,0,0,0,0,0,0,0,0,0,0,0,0,0,0,-1024,-1024,-1024,-1024,8.3,456,0
1460,65,92,0,0,0,0,0,0,0,0,0,0,0,0,0,0,92,65,0,0,0,0,0,0,0,0,0,0,0,0,0,0,-1024,-1024,-1024,-1024,8.3,460,0
1464,65,90,0,0,0,0,0,0,0,0,0,0,0,0,0,0,90,65,0,0,0,0,0,0,0,0,0,0,0,0,0,0,-1024,-1024,-1024,-1024,8.3,464,0
1468,65,90,0,0,0,0,0,0,0,0,0,0,0,0,0,0,90,65,0,0,0,0,0,0,0,0,0,0,0,0,0,0,-1024,-1024,-1024,-1024,8.3,468,0
1472,65,89,0,0,0,0,0,0,0,0,0,0,0,0,0,0,89,65,0,0,0,0,0,0,0,0,0,0,0,0,0,0,-1024,-1024,-1024,-1024,8.3,472,0
1476,65,87,0,0,0,0,0,0,0,0,0,0,0,0,0,0,87,65,0,0,0,0,0,0,0,0,0,0,0,0,0,0,-1024,-1024,-1024,-1024,8.3,476,0
1480,64,85,0,0,0,0,0,0,0,0,0,0,0,0,0,0,85,64,0,0,0,0,0,0,0,0,0,0,0,0,0,0,-1024,-1024,-1024,-1024,8.3,480,0
1484,63,83,0,0,0,0,0,0,0,0,0,0,0,0,0,0,83,63,0,0,0,0,0,0,0,0,0,0,0,0,0,0,-1024,-1024,-1024,-1024,8.3,484,0
1488,62,82,0,0,0,0,0,0,0,0,0,0,0,0,0,0,82,62,0,0,0,0,0,0,0,0,0,0,0,0,0,0,-1024,-1024,-1024,-1024,8.3,488,0
1492,62,81,0,0,0,0,0,0,0,0,0,0,0,0,0,0,81,62,0,0,0,0,0,0,0,0,0,0,0,0,0,0,-1024,-1024,-1024,-1024,8.3,492,0
1496,62,79,0,0,0,0,0,0,0,0,0,0,0,0,0,0,79,62,0,0,0,0,0,0,0,0,0,0,0,0,0,0,-1024,-1024,-1024,-1024,8.3,496,0
1500,62,76,0,0,0,0,0,0,0,0,0,0,0,0,0,0,76,62,0,100,0,0,0,0,0,0,0,0,0,0,0,0,-1024,-1024,-1024,-1024,8.3,500,0
1504,63,72,0,0,0,0,0,0,0,0,0,0,0,0,0,0,72,63,0,100,0,0,0,0,0,0,0,0,0,0,0,0,-1024,-1024,-1024,-1024,8.3,504,0
1508,64,68,0,0,0,0,0,0,0,0,0,0,0,0,0,0,68,64,0,100,0,0,0,0,0,0,0,0,0,0,0,0,-1024,-1024,-1024,-1024,8.3,508,0
1512,65,64,0,0,0,0,0,0,0,0,0,0,0,0,0,0,64,65,0,100,0,0,0,0,0,0,0,0,0,0,0,0,-1024,-1024,-1024,-1024,8.3,512,0
1516,66,61,0,0,0,0,0,0,0,0,0,0,0,0,0,0,61,66,0,100,0,0,0,0,0,0,0,0,0,0,0,0,-1024,-1024,-1024,-1024,8.3,516,0
1520,67,57,0,0,0,0,0,0,0,0,0,0,0,0,0,0,57,67,0,100,0,0,0,0,0,0,0,0,0,0,0,0,-1024,-1024,-1024,-1024,8.3,520,0
1524,68,53,0,0,0,0,0,0,0,0,0,0,0,0,0,0,53,68,0,100,0,0,0,0,0,0,0,0,0,0,0,0,-1024,-1024,-1024,-1024,8.3,524,0
1528,68,49,0,0,0,0,0,0,0,0,0,0,0,0,0,0,49,68,0,100,0,0,0,0,0,0,0,0,0,0,0,0,-1024,-1024,-1024,-1024,8.3,528,0
1532,68,44,0,0,0,0,0,0,0,0,0,0,0,0,0,0,44,68,0,100,0,0,0,0,0,0,0,0,0,0,0,0,-1024,-1024,-1024,-1024,8.3,532,0
1536,68,41,0,0,0,0,0,0,0,0,0,0,0,0,0,0,41,68,0,100,0,0,0,0,0,0,0,0,0,0,0,0,-1024,-1024,-1024,-1024,8.3,536,0
1540,69,39,0,0,0,0,0,0,0,0,0,0,0,0,0,0,39,69,0,100,0,0,0,0,0,0,0,0,0,0,0,0,-1024,-1024,-1024,-1024,8.3,540,0
1544,69,38,0,0,0,0,0,0,0,0,0,0,0,0,0,0,38,69,0,100,0,0,0,0,0,0,0,0,0,0,0,0,-1024,-1024,-1024,-1024,8.3,544,0
1548,70,36,0,0,0,0,0,0,0,0,0,0,0,0,0,0,36,70,0,100,0,0,0,0,0,0,0,0,0,0,0,0,-1024,-1024,-1024,-1024,8.3,548,0
1552,70,34,0,0,0,0,0,0,0,0,0,0,0,0,0,0,34,70,0,100,0,0,0,0,0,0,0,0,0,0,0,0,-1024,-1024,-1024,-1024,8.3,552,0
1556,70,31,0,0,0,0,0,0,0,0,0,0,0,0,0,0,31,70,0,100,0,0,0,0,0,0,0,0,0,0,0,0,-1024,-1024,-1024,-1024,8.3,556,0
1560,70,29,0,0,0,0,0,0,0,0,0,0,0,0,0,0,29,70,0,100,0,0,0,0,0,0,0,0,0,0,0,0,-1024,-1024,-1024,-1024,8.3,560,0
1564,70,27,0,0,0,0,0,0,0,0,0,0,0,0,0,0,27,70,0,100,0,0,0,0,0,0,0,0,0,0,0,0,-1024,-1024,-1024,-1024,8.3,564,0
1568,69,25,0,0,0,0,0,0,0,0,0,0,0,0,0,0,25,69,0,100,0,0,0,0,0,0,0,0,0,0,0,0,-1024,-1024,-1024,-1024,8.3,568,0
1572,67,22,0,0,0,0,0,0,0,0,0,0,0,0,0,0,22,67,0,100,0,0,0,0,0,0,0,0,0,0,0,0,-1024,-1024,-1024,-1024,8.3,572,0
1576,66,18,0,0,0,0,0,0,0,0,0,0,0,0,0,0,18,66,0,100,0,0,0,0,0,0,0,0,0,0,0,0,-1024,-1024,-1024,-1024,8.3,576,0
1580,64,14,0,0,0,0,0,0,0,0,0,0,0,0,0,0,14,64,0,100,0,0,0,0,0,0,0,0,0,0,0,0,-1024,-1024,-1024,-1024,8.3,580,0
1584,62,10,0,0,0,0,0,0,0,0,0,0,0,0,0,0,10,62,0,100,0,0,0,0,0,0,0,0,0,0,0,0,-1024,-1024,-1024,-1024,8.3,584,0
1588,61,6,0,0,0,0,0,0,0,0,0,0,0,0,0,0,6,61,0,100,0,0,0,0,0,0,0,0,0,0,0,0,-1024,-1024,-1024,-1024,8.3,588,0
1592,60,4,0,0,0,0,0,0,0,0,0,0,0,0,0,0,4,60,0,100,0,0,0,0,0,0,0,0,0,0,0,0,-1024,-1024,-1024,-1024,8.3,592,0
1596,59,2,0,0,0,0,0,0,0,0,0,0,0,0,0,0,2,59,0,100,0,0,0,0,0,0,0,0,0,0,0,0,-1024,-1024,-1024,-1024,8.3,596,0
1600,58,-1,0,0,0,0,0,0,0,0,0,0,0,0,0,0,-1,58,0,100,0,0,0,0,0,0,0,0,0,0,0,0,-1024,-1024,-1024,-1024,8.3,600,0
1604,58,-4,0,0,0,0,0,0,0,0,0,0,0,0,0,0,-4,58,0,100,0,0,0,0,0,0,0,0,0,0,0,0,-1024,-1024,-1024,-1024,8.3,604,0
1608,57,-7,0,0,0,0,0,0,0,0,0,0,0,0,0,0,-7,57,0,100,0,0,0,0,0,0,0,0,0,0,0,0,-1024,-1024,-1024,-1024,8.3,608,0
1612,56,-9,0,0,0,0,0,0,0,0,0,0,0,0,0,0,-9,56,0,100,0,0,0,0,0,0,0,0,0,0,0,0,-1024,-1024,-1024,-1024,8.3,612,0
1616,55,-11,0,0,0,0,0,0,0,0,0,0,0,0,0,0,-11,55,0,100,0,0,0,0,0,0,0,0,0,0,0,0,-1024,-1024,-1024,-1024,8.3,616,0
1620,54,-13,0,0,0,0,0,0,0,0,0,0,0,0,0,0,-13,54,0,100,0,0,0,0,0,0,0,0,0,0,0,0,-1024,-1024,-1024,-1024,8.3,620,0
1624,53,-16,0,0,0,0,0,0,0,0,0,0,0,0,0,0,-16,53,0,100,0,0,0,0,0,0,0,0,0,0,0,0,-1024,-1024,-1024,-1024,8.3,624,0
1628,52,-20,0,0,0,0,0,0,0,0,0,0,0,0,0,0,-20,52,0,100,0,0,0,0,0,0,0,0,0,0,0,0,-1024,-1024,-1024,-1024,8.3,628,0
1632,52,-25,0,0,0,0,0,0,0,0,0,0,0,0,0,0,-25,52,0,100,0,0,0,0,0,0,0,0,0,0,0,0,-1024,-1024,-1024,-1024,8.3,632,0
1636,52,-29,0,0,0,0,0,0,0,0,0,0,0,0,0,0,-29,52,0,100,0,0,0,0,0,0,0,0,0,0,0,0,-1024,-1024,-1024,-1024,8.3,636,0
1640,52,-32,0,0,0,0,0,0,0,0,0,0,0,0,0,0,-32,52,0,100,0,0,0,0,0,0,0,0,0,0,0,0,-1024,-1024,-1024,-1024,8.3,640,0
1644,52,-36,0,0,0,0,0,0,0,0,0,0,0,0,0,0,-36,52,0,100,0,0,0,0,0,0,0,0,0,0,0,0,-1024,-1024,-1024,-1024,8.3,644,0
1648,52,-40,0,0,0,0,0,0,0,0,0,0,0,0,0,0,-40,52,0,100,0,0,0,0,0,0,0,0,0,0,0,0,-1024,-1024,-1024,-1024,8.3,648,0
1652,52,-44,0,0,0,0,0,0,0,0,0,0,0,0,0,0,-44,52,0,100,0,0,0,0,0,0,0,0,0,0,0,0,-1024,-1024,-1024,-1024,8.3,652,0
1656,51,-47,0,0,0,0,0,0,0,0,0,0,0,0,0,0,-47,51,0,100,0,0,0,0,0,0,0,0,0,0,0,0,-1024,-1024,-1024,-1024,8.3,656,0
1660,50,-50,0,0,0,0,0,0,0,0,0,0,0,0,0,0,-50,50,0,100,0,0,0,0,0,0,0,0,0,0,0,0,-1024,-1024,-1024,-1024,8.3,660,0
1664,49,-52,0,0,0,0,0,0,0,0,0,0,0,0,0,0,-52,49,0,100,0,0,0,0,0,0,0,0,0,0,0,0,-1024,-1024,-1024,-1024,8.3,664,0
1668,48,-52,0,0,0,0,0,0,0,0,0,0,0,0,0,0,-52,48,0,100,0,0,0,0,0,0,0,0,0,0,0,0,-1024,-1024,-1024,-1024,8.3,668,0
1672,46,-53,0,0,0,0,0,0,0,0,0,0,0,0,0,0,-53,46,0,100,0,0,0,0,0,0,0,0,0,0,0,0,-1024,-1024,-1024,-1024,8.3,672,0
1676,45,-54,0,0,0,0,0,0,0,0,0,0,0,0,0,0,-54,45,0,100,0,0,0,0,0,0,0,0,0,0,0,0,-1024,-1024,-1024,-1024,8.3,676,0
1680,45,-55,0,0,0,0,0,0,0,0,0,0,0,0,0,0,-55,45,0,100,0,0,0,0,0,0,0,0,0,0,0,0,-1024,-1024,-1024,-1024,8.3,680,0
1684,44,-56,0,0,0,0,0,0,0,0,0,0,0,0,0,0,-56,44,0,100,0,0,0,0,0,0,0,0,0,0,0,0,-1024,-1024,-1024,-1024,8.3,684,0
1688,43,-56,0,0,0,0,0,0,0,0,0,0,0,0,0,0,-56,43,0,100,0,0,0,0,0,0,0,0,0,0,0,0,-1024,-1024,-1024,-1024,8.3,688,0
1692,43,-56,0,0,0,0,0,0,0,0,0,0,0,0,0,0,-56,43,0,100,0,0,0,0,0,0,0,0,0,0,0,0,-1024,-1024,-1024,-1024,8.3,692,0
1696,42,-56,0,0,0,0,0,0,0,0,0,0,0,0,0,0,-56,42,0,100,0,0,0,0,0,0,0,0,0,0,0,0,-1024,-1024,-1024,-1024,8.3,696,0
1700,41,-57,0,0,0,0,0,0,0,0,0,0,0,0,0,0,-57,41,0,100,0,0,0,0,0,0,0,0,0,0,0,0,-1024,-1024,-1024,-1024,8.3,700,0
1704,40,-59,0,0,0,0,0,0,0,0,0,0,0,0,0,0,-59,40,0,100,0,0,0,0,0,0,0,0,0,0,0,0,-1024,-1024,-1024,-1024,8.3,704,0
1708,39,-60,0,0,0,0,0,0,0,0,0,0,0,0,0,0,-60,39,0,100,0,0,0,0,0,0,0,0,0,0,0,0,-1024,-1024,-1024,-1024,8.3,708,0
1712,38,-60,0,0,0,0,0,0,0,0,0,0,0,0,0,0,-60,38,0,100,0,0,0,0,0,0,0,0,0,0,0,0,-1024,-1024,-1024,-1024,8.3,712,0
1716,38,-59,0,0,0,0,0,0,0,0,0,0,0,0,0,0,-59,38,0,100,0,0,0,0,0,0,0,0,0,0,0,0,-1024,-1024,-1024,-1024,8.3,716,0
1720,38,-58,0,0,0,0,0,0,0,0,0,0,0,0,0,0,-58,38,0,100,0,0,0,0,0,0,0,0,0,0,0,0,-1024,-1024,-1024,-1024,8.3,720,0
1724,38,-57,0,0,0,0,0,0,0,0,0,0,0,0,0,0,-57,38,0,100,0,0,0,0,0,0,0,0,0,0,0,0,-1024,-1024,-1024,-1024,8.3,724,0
1728,39,-56,0,0,0,0,0,0,0,0,0,0,0,0,0,0,-56,39,0,100,0,0,0,0,0,0,0,0,0,0,0,0,-1024,-1024,-1024,-1024,8.3,728,0
1732,41,-55,0,0,0,0,0,0,0,0,0,0,0,0,0,0,-55,41,0,100,0,0,0,0,0,0,0,0,0,0,0,0,-1024,-1024,-1024,-1024,8.3,732,0
1736,42,-53,0,0,0,0,0,0,0,0,0,0,0,0,0,0,-53,42,0,100,0,0,0,0,0,0,0,0,0,0,0,0,-1024,-1024,-1024,-1024,8.3,736,0
1740,43,-51,0,0,0,0,0,0,0,0,0,0,0,0,0,0,-51,43,0,100,0,0,0,0,0,0,0,0,0,0,0,0,-1024,-1024,-1024,-1024,8.3,740,0
1744,44,-49,0,0,0,0,0,0,0,0,0,0,0,0,0,0,-49,44,0,100,0,0,0,0,0,0,0,0,0,0,0,0,-1024,-1024,-1024,-1024,8.3,744,0
1748,44,-48,0,0,0,0,0,0,0,0,0,0,0,0,0,0,-48,44,0,100,0,0,0,0,0,0,0,0,0,0,0,0,-1024,-1024,-1024,-1024,8.3,748,0
1752,44,-48,0,0,0,0,0,0,0,0,0,0,0,0,0,0,-48,44,0,100,0,0,0,0,0,0,0,0,0,0,0,0,-1024,-1024,-1024,-1024,8.2,752,0
1756,45,-48,0,0,0,0,0,0,0,0,0,0,0,0,0,0,-48,45,0,100,0,0,0,0,0,0,0,0,0,0,0,0,-1024,-1024,-1024,-1024,8.2,756,0
1760,45,-49,0,0,0,0,0,0,0,0,0,0,0,0,0,0,-49,45,0,100,0,0,0,0,0,0,0,0,0,0,0,0,-1024,-1024,-1024,-1024,8.2,760,0
1764,46,-50,0,0,0,0,0,0,0,0,0,0,0,0,0,0,-50,46,0,100,0,0,0,0,0,0,0,0,0,0,0,0,-1024,-1024,-1024,-1024,8.2,764,0
1768,47,-50,0,0,0,0,0,0,0,0,0,0,0,0,0,0,-50,47,0,100,0,0,0,0,0,0,0,0,0,0,0,0,-1024,-1024,-1024,-1024,8.2,768,0
1772,47,-50,0,0,0,0,0,0,0,0,0,0,0,0,0,0,-50,47,0,100,0,0,0,0,0,0,0,0,0,0,0,0,-1024,-1024,-1024,-1024,8.2,772,0
1776,48,-51,0,0,0,0,0,0,0,0,0,0,0,0,0,0,-51,48,0,100,0,0,0,0,0,0,0,0,0,0,0,0,-1024,-1024,-1024,-1024,8.2,776,0
1780,48,-52,0,0,0,0,0,0,0,0,0,0,0,0,0,0,-52,48,0,100,0,0,0,0,0,0,0,0,0,0,0,0,-1024,-1024,-1024,-1024,8.2,780,0
1784,48,-53,0,0,0,0,0,0,0,0,0,0,0,0,0,0,-53,48,0,100,0,0,0,0,0,0,0,0,0,0,0,0,-1024,-1024,-1024,-1024,8.2,784,0
1788,47,-52,0,0,0,0,0,0,0,0,0,0,0,0,0,0,-52,47,0,100,0,0,0,0,0,0,0,0,0,0,0,0,-1024,-1024,-1024,-1024,8.2,788,0
1792,46,-51,0,0,0,0,0,0,0,0,0,0,0,0,0,0,-51,46,0,100,0,0,0,0,0,0,0,0,0,0,0,0,-1024,-1024,-1024,-1024,8.2,792,0
1796,45,-49,0,0,0,0,0,0,0,0,0,0,0,0,0,0,-49,45,0,100,0,0,0,0,0,0,0,0,0,0,0,0,-1024,-1024,-1024,-1024,8.2,796,0
1800,44,-49,0,0,0,0,0,0,0,0,0,0,0,0,0,0,-49,44,0,100,0,0,0,0,0,0,0,0,0,0,0,0,-1024,-1024,-1024,-1024,8.2,800,0
1804,-41,-49,0,0,0,0,0,0,0,0,0,0,0,0,0,0,-49,-41,0,100,0,0,0,0,0,0,0,0,0,0,0,0,-1024,-1024,-1024,-1024,8.2,804,0
1808,-42,-49,0,0,0,0,0,0,0,0,0,0,0,0,0,0,-49,-42,0,100,0,0,0,0,0,0,0,0,0,0,0,0,-1024,-1024,-1024,-1024,8.2,808,0
1812,-44,-48,0,0,0,0,0,0,0,0,0,0,0,0,0,0,-48,-44,0,100,0,0,0,0,0,0,0,0,0,0,0,0,-1024,-1024,-1024,-1024,8.2,812,0
1816,-45,-48,0,0,0,0,0,0,0,0,0,0,0,0,0,0,-48,-45,0,100,0,0,0,0,0,0,0,0,0,0,0,0,-1024,-1024,-1024,-1024,8.2,816,0
1820,-46,-47,0,0,0,0,0,0,0,0,0,0,0,0,0,0,-47,-46,0,100,0,0,0,0,0,0,0,0,0,0,0,0,-1024,-1024,-1024,-1024,8.2,820,0
1824,-47,-47,0,0,0,0,0,0,0,0,0,0,0,0,0,0,-47,-47,0,100,0,0,0,0,0,0,0,0,0,0,0,0,-1024,-1024,-1024,-1024,8.2,824,0
1828,-48,-48,0,0,0,0,0,0,0,0,0,0,0,0,0,0,-48,-48,0,100,0,0,0,0,0,0,0,0,0,0,0,0,-1024,-1024,-1024,-1024,8.2,828,0
1832,-48,-50,0,0,0,0,0,0,0,0,0,0,0,0,0,0,-50,-48,0,100,0,0,0,0,0,0,0,0,0,0,0,0,-1024,-1024,-1024,-1024,8.2,832,0
1836,-49,-50,0,0,0,0,0,0,0,0,0,0,0,0,0,0,-50,-49,0,100,0,0,0,0,0,0,0,0,0,0,0,0,-1024,-1024,-1024,-1024,8.2,836,0
1840,-50,-49,0,0,0,0,0,0,0,0,0,0,0,0,0,0,-49,-50,0,100,0,0,0,0,0,0,0,0,0,0,0,0,-1024,-1024,-1024,-1024,8.2,840,0
1844,-50,-48,0,0,0,0,0,0,0,0,0,0,0,0,0,0,-48,-50,0,100,0,0,0,0,0,0,0,0,0,0,0,0,-1024,-1024,-1024,-1024,8.2,844,0
1848,-50,-47,0,0,0,0,0,0,0,0,0,0,0,0,0,0,-47,-50,0,100,0,0,0,0,0,0,0,0,0,0,0,0,-1024,-1024,-1024,-1024,8.2,848,0
1852,-50,-46,0,0,0,0,0,0,0,0,0,0,0,0,0,0,-46,-50,0,100,0,0,0,0,0,0,0,0,0,0,0,0,-1024,-1024,-1024,-1024,8.2,852,0
1856,-50,-45,0,0,0,0,0,0,0,0,0,0,0,0,0,0,-45,-50,0,100,0,0,0,0,0,0,0,0,0,0,0,0,-1024,-1024,-1024,-1024,8.2,856,0
1860,-50,-44,0,0,0,0,0,0,0,0,0,0,0,0,0,0,-44,-50,0,100,0,0,0,0,0,0,0,0,0,0,0,0,-1024,-1024,-1024,-1024,8.2,860,0
1864,-49,-42,0,0,0,0,0,0,0,0,0,0,0,0,0,0,-42,-49,0,100,0,0,0,0,0,0,0,0,0,0,0,0,-1024,-1024,-1024,-1024,8.2,864,0
1868,-48,-41,0,0,0,0,0,0,0,0,0,0,0,0,0,0,-41,-48,0,100,0,0,0,0,0,0,0,0,0,0,0,0,-1024,-1024,-1024,-1024,8.2,868,0
1872,-48,-40,0,0,0,0,0,0,0,0,0,0,0,0,0,0,-40,-48,0,100,0,0,0,0,0,0,0,0,0,0,0,0,-1024,-1024,-1024,-1024,8.2,872,0
1876,-47,-40,0,0,0,0,0,0,0,0,0,0,0,0,0,0,-40,-47,0,100,0,0,0,0,0,0,0,0,0,0,0,0,-1024,-1024,-1024,-1024,8.2,876,0
1880,-46,-41,0,0,0,0,0,0,0,0,0,0,0,0,0,0,-41,-46,0,100,0,0,0,0,0,0,0,0,0,0,0,0,-1024,-1024,-1024,-1024,8.2,880,0
1884,-45,-43,0,0,0,0,0,0,0,0,0,0,0,0,0,0,-43,-45,0,100,0,0,0,0,0,0,0,0,0,0,0,0,-1024,-1024,-1024,-1024,8.2,884,0
1888,-44,-44,0,0,0,0,0,0,0,0,0,0,0,0,0,0,-44,-44,0,100,0,0,0,0,0,0,0,0,0,0,0,0,-1024,-1024,-1024,-1024,8.2,888,0
1892,-42,-46,0,0,0,0,0,0,0,0,0,0,0,0,0,0,-46,-42,0,100,0,0,0,0,0,0,0,0,0,0,0,0,-1024,-1024,-1024,-1024,8.2,892,0
1896,-41,-47,0,0,0,0,0,0,0,0,0,0,0,0,0,0,-47,-41,0,100,0,0,0,0,0,0,0,0,0,0,0,0,-1024,-1024,-1024,-1024,8.2,896,0
1900,-40,-49,0,0,0,0,0,0,0,0,0,0,0,0,0,0,-49,-40,0,100,0,0,0,0,0,0,0,0,0,0,0,0,-1024,-1024,-1024,-1024,8.2,900,0
1904,-39,-52,0,0,0,0,0,0,0,0,0,0,0,0,0,0,-52,-39,0,100,0,0,0,0,0,0,0,0,0,0,0,0,-1024,-1024,-1024,-1024,8.2,904,0
1908,-38,-54,0,0,0,0,0,0,0,0,0,0,0,0,0,0,-54,-38,0,100,0,0,0,0,0,0,0,0,0,0,0,0,-1024,-1024,-1024,-1024,8.2,908,0
1912,-36,-56,0,0,0,0,0,0,0,0,0,0,0,0,0,0,-56,-36,0,100,0,0,0,0,0,0,0,0,0,0,0,0,-1024,-1024,-1024,-1024,8.2,912,0
1916,-35,-56,0,0,0,0,0,0,0,0,0,0,0,0,0,0,-56,-35,0,100,0,0,0,0,0,0,0,0,0,0,0,0,-1024,-1024,-1024,-1024,8.2,916,0
1920,-34,-57,0,0,0,0,0,0,0,0,0,0,0,0,0,0,-57,-34,0,100,0,0,0,0,0,0,0,0,0,0,0,0,-1024,-1024,-1024,-1024,8.2,920,0
1924,-33,-58,0,0,0,0,0,0,0,0,0,0,0,0,0,0,-58,-33,0,100,0,0,0,0,0,0,0,0,0,0,0,0,-1024,-1024,-1024,-1024,8.2,924,0
1928,-32,-60,0,0,0,0,0,0,0,0,0,0,0,0,0,0,-60,-32,0,100,0,0,0,0,0,0,0,0,0,0,0,0,-1024,-1024,-1024,-1024,8.2,928,0
1932,-32,-63,0,0,0,0,0,0,0,0,0,0,0,0,0,0,-63,-32,0,100,0,0,0,0,0,0,0,0,0,0,0,0,-1024,-1024,-1024,-1024,8.2,932,0
1936,-31,-65,0,0,0,0,0,0,0,0,0,0,0,0,0,0,-65,-31,0,100,0,0,0,0,0,0,0,0,0,0,0,0,-1024,-1024,-1024,-1024,8.2,936,0
1940,-30,-68,0,0,0,0,0,0,0,0,0,0,0,0,0,0,-68,-30,0,100,0,0,0,0,0,0,0,0,0,0,0,0,-1024,-1024,-1024,-1024,8.2,940,0
1944,-30,-70,0,0,0,0,0,0,0,0,0,0,0,0,0,0,-70,-30,0,100,0,0,0,0,0,0,0,0,0,0,0,0,-1024,-1024,-1024,-1024,8.2,944,0
1948,-30,-72,0,0,0,0,0,0,0,0,0,0,0,0,0,0,-72,-30,0,100,0,0,0,0,0,0,0,0,0,0,0,0,-1024,-1024,-1024,-1024,8.2,948,0
1952,-30,-76,0,0,0,0,0,0,0,0,0,0,0,0,0,0,-76,-30,0,100,0,0,0,0,0,0,0,0,0,0,0,0,-1024,-1024,-1024,-1024,8.2,952,0
1956,-30,-80,0,0,0,0,0,0,0,0,0,0,0,0,0,0,-80,-30,0,100,0,0,0,0,0,0,0,0,0,0,0,0,-1024,-1024,-1024,-1024,8.2,956,0
1960,-30,-83,0,0,0,0,0,0,0,0,0,0,0,0,0,0,-83,-30,0,100,0,0,0,0,0,0,0,0,0,0,0,0,-1024,-1024,-1024,-1024,8.2,960,0
1964,-31,-85,0,0,0,0,0,0,0,0,0,0,0,0,0,0,-85,-31,0,100,0,0,0,0,0,0,0,0,0,0,0,0,-1024,-1024,-1024,-1024,8.2,964,0
1968,-32,-86,0,0,0,0,0,0,0,0,0,0,0,0,0,0,-86,-32,0,100,0,0,0,0,0,0,0,0,0,0,0,0,-1024,-1024,-1024,-1024,8.2,968,0
1972,-32,-86,0,0,0,0,0,0,0,0,0,0,0,0,0,0,-86,-32,0,100,0,0,0,0,0,0,0,0,0,0,0,0,-1024,-1024,-1024,-1024,8.2,972,0
1976,-33,-87,0,0,0,0,0,0,0,0,0,0,0,0,0,0,-87,-33,0,100,0,0,0,0,0,0,0,0,0,0,0,0,-1024,-1024,-1024,-1024,8.2,976,0
1980,-34,-88,0,0,0,0,0,0,0,0,0,0,0,0,0,0,-88,-34,0,100,0,0,0,0,0,0,0,0,0,0,0,0,-1024,-1024,-1024,-1024,8.2,980,0
1984,-35,-89,0,0,0,0,0,0,0,0,0,0,0,0,0,0,-89,-35,0,100,0,0,0,0,0,0,0,0,0,0,0,0,-1024,-1024,-1024,-1024,8.2,984,0
1988,-36,-89,0,0,0,0,0,0,0,0,0,0,0,0,0,0,-89,-36,0,100,0,0,0,0,0,0,0,0,0,0,0,0,-1024,-1024,-1024,-1024,8.2,988,0
1992,-38,-88,0,0,0,0,0,0,0,0,0,0,0,0,0,0,-88,-38,0,100,0,0,0,0,0,0,0,0,0,0,0,0,-1024,-1024,-1024,-1024,8.2,992,0
1996,-39,-87,0,0,0,0,0,0,0,0,0,0,0,0,0,0,-87,-39,0,100,0,0,0,0,0,0,0,0,0,0,0,0,-1024,-1024,-1024,-1024,8.2,996,0
2000,33,-87,0,0,0,0,0,0,0,0,0,0,0,0,0,0,-87,33,0,100,0,0,0,0,0,0,0,0,0,0,0,0,-1024,-1024,-1024,-1024,8.2,1000,0
2004,33,-89,0,0,0,0,0,0,0,0,0,0,0,0,0,0,-89,33,0,100,0,0,0,0,0,0,0,0,0,0,0,0,-1024,-1024,-1024,-1024,8.2,1004,0
2008,33,-90,0,0,0,0,0,0,0,0,0,0,0,0,0,0,-90,33,0,100,0,0,0,0,0,0,0,0,0,0,0,0,-1024,-1024,-1024,-1024,8.2,1008,0
2012,33,-91,0,0,0,0,0,0,0,0,0,0,0,0,0,0,-91,33,0,100,0,0,0,0,0,0,0,0,0,0,0,0,-1024,-1024,-1024,-1024,8.2,1012,0
2016,32,-92,0,0,0,0,0,0,0,0,0,0,0,0,0,0,-92,32,0,100,0,0,0,0,0,0,0,0,0,0,0,0,-1024,-1024,-1024,-1024,8.2,1016,0
2020,31,-92,0,0,0,0,0,0,0,0,0,0,0,0,0,0,-92,31,0,100,0,0,0,0,0,0,0,0,0,0,0,0,-1024,-1024,-1024,-1024,8.2,1020,0
2024,31,-93,0,0,0,0,0,0,0,0,0,0,0,0,0,0,-93,31,0,100,0,0,0,0,0,0,0,0,0,0,0,0,-1024,-1024,-1024,-1024,8.2,1024,0
2028,31,-94,0,0,0,0,0,0,0,0,0,0,0,0,0,0,-94,31,0,100,0,0,0,0,0,0,0,0,0,0,0,0,-1024,-1024,-1024,-1024,8.2,1028,0
2032,31,-95,0,0,0,0,0,0,0,0,0,0,0,0,0,0,-95,31,0,100,0,0,0,0,0,0,0,0,0,0,0,0,-1024,-1024,-1024,-1024,8.2,1032,0
2036,32,-95,0,0,0,0,0,0,0,0,0,0,0,0,0,0,-95,32,0,100,0,0,0,0,0,0,0,0,0,0,0,0,-1024,-1024,-1024,-1024,8.2,1036,0
2040,32,-94,0,0,0,0,0,0,0,0,0,0,0,0,0,0,-94,32,0,100,0,0,0,0,0,0,0,0,0,0,0,0,-1024,-1024,-1024,-1024,8.2,1040,0
2044,33,-92,0,0,0,0,0,0,0,0,0,0,0,0,0,0,-92,33,0,100,0,0,0,0,0,0,0,0,0,0,0,0,-1024,-1024,-1024,-1024,8.2,1044,0
2048,34,-91,0,0,0,0,0,0,0,0,0,0,0,0,0,0,-91,34,0,100,0,0,0,0,0,0,0,0,0,0,0,0,-1024,-1024,-1024,-1024,8.2,1048,0
2052,34,-91,0,0,0,0,0,0,0,0,0,0,0,0,0,0,-91,34,0,100,0,0,0,0,0,0,0,0,0,0,0,0,-1024,-1024,-1024,-1024,8.2,1052,0
2056,34,-91,0,0,0,0,0,0,0,0,0,0,0,0,0,0,-91,34,0,100,0,0,0,0,0,0,0,0,0,0,0,0,-1024,-1024,-1024,-1024,8.2,1056,0
2060,34,-91,0,0,0,0,0,0,0,0,0,0,0,0,0,0,-91,34,0,100,0,0,0,0,0,0,0,0,0,0,0,0,-1024,-1024,-1024,-1024,8.2,1060,0
2064,34,-91,0,0,0,0,0,0,0,0,0,0,0,0,0,0,-91,34,0,100,0,0,0,0,0,0,0,0,0,0,0,0,-1024,-1024,-1024,-1024,8.2,1064,0
2068,35,-91,0,0,0,0,0,0,0,0,0,0,0,0,0,0,-91,35,0,100,0,0,0,0,0,0,0,0,0,0,0,0,-1024,-1024,-1024,-1024,8.2,1068,0
2072,35,-91,0,0,0,0,0,0,0,0,0,0,0,0,0,0,-91,35,0,100,0,0,0,0,0,0,0,0,0,0,0,0,-1024,-1024,-1024,-1024,8.2,1072,0
2076,36,-91,0,0,0,0,0,0,0,0,0,0,0,0,0,0,-91,36,0,100,0,0,0,0,0,0,0,0,0,0,0,0,-1024,-1024,-1024,-1024,8.2,1076,0
2080,37,-93,0,0,0,0,0,0,0,0,0,0,0,0,0,0,-93,37,0,100,0,0,0,0,0,0,0,0,0,0,0,0,-1024,-1024,-1024,-1024,8.2,1080,0
2084,38,-93,0,0,0,0,0,0,0,0,0,0,0,0,0,0,-93,38,0,100,0,0,0,0,0,0,0,0,0,0,0,0,-1024,-1024,-1024,-1024,8.2,1084,0
2088,39,-93,0,0,0,0,0,0,0,0,0,0,0,0,0,0,-93,39,0,100,0,0,0,0,0,0,0,0,0,0,0,0,-1024,-1024,-1024,-1024,8.2,1088,0
2092,39,-91,0,0,0,0,0,0,0,0,0,0,0,0,0,0,-91,39,0,100,0,0,0,0,0,0,0,0,0,0,0,0,-1024,-1024,-1024,-1024,8.2,1092,0
2096,39,-89,0,0,0,0,0,0,0,0,0,0,0,0,0,0,-89,39,0,100,0,0,0,0,0,0,0,0,0,0,0,0,-1024,-1024,-1024,-1024,8.2,1096,0
2100,38,-87,0,0,0,0,0,0,0,0,0,0,0,0,0,0,-87,38,0,100,0,0,0,0,0,0,0,0,0,0,0,0,-1024,-1024,-1024,-1024,8.2,1100,0
2104,37,-84,0,0,0,0,0,0,0,0,0,0,0,0,0,0,-84,37,0,100,0,0,0,0,0,0,0,0,0,0,0,0,-1024,-1024,-1024,-1024,8.2,1104,0
2108,36,-82,0,0,0,0,0,0,0,0,0,0,0,0,0,0,-82,36,0,100,0,0,0,0,0,0,0,0,0,0,0,0,-1024,-1024,-1024,-1024,8.2,1108,0
2112,34,-79,0,0,0,0,0,0,0,0,0,0,0,0,0,0,-79,34,0,100,0,0,0,0,0,0,0,0,0,0,0,0,-1024,-1024,-1024,-1024,8.2,1112,0
2116,33,-75,0,0,0,0,0,0,0,0,0,0,0,0,0,0,-75,33,0,100,0,0,0,0,0,0,0,0,0,0,0,0,-1024,-1024,-1024,-1024,8.2,1116,0
2120,33,-70,0,0,0,0,0,0,0,0,0,0,0,0,0,0,-70,33,0,100,0,0,0,0,0,0,0,0,0,0,0,0,-1024,-1024,-1024,-1024,8.2,1120,0
2124,32,-67,0,0,0,0,0,0,0,0,0,0,0,0,0,0,-67,32,0,100,0,0,0,0,0,0,0,0,0,0,0,0,-1024,-1024,-1024,-1024,8.2,1124,0
2128,31,-64,0,0,0,0,0,0,0,0,0,0,0,0,0,0,-64,31,0,100,0,0,0,0,0,0,0,0,0,0,0,0,-1024,-1024,-1024,-1024,8.2,1128,0
2132,31,-62,0,0,0,0,0,0,0,0,0,0,0,0,0,0,-62,31,0,100,0,0,0,0,0,0,0,0,0,0,0,0,-1024,-1024,-1024,-1024,8.2,1132,0
2136,30,-60,0,0,0,0,0,0,0,0,0,0,0,0,0,0,-60,30,0,100,0,0,0,0,0,0,0,0,0,0,0,0,-1024,-1024,-1024,-1024,8.2,1136,0
2140,29,-56,0,0,0,0,0,0,0,0,0,0,0,0,0,0,-56,29,0,100,0,0,0,0,0,0,0,0,0,0,0,0,-1024,-1024,-1024,-1024,8.2,1140,0
2144,27,-52,0,0,0,0,0,0,0,0,0,0,0,0,0,0,-52,27,0,100,0,0,0,0,0,0,0,0,0,0,0,0,-1024,-1024,-1024,-1024,8.2,1144,0
2148,26,-49,0,0,0,0,0,0,0,0,0,0,0,0,0,0,-49,26,0,100,0,0,0,0,0,0,0,0,0,0,0,0,-1024,-1024,-1024,-1024,8.2,1148,0
2152,25,-45,0,0,0,0,0,0,0,0,0,0,0,0,0,0,-45,25,0,100,0,0,0,0,0,0,0,0,0,0,0,0,-1024,-1024,-1024,-1024,8.2,1152,0
2156,25,-42,0,0,0,0,0,0,0,0,0,0,0,0,0,0,-42,25,0,100,0,0,0,0,0,0,0,0,0,0,0,0,-1024,-1024,-1024,-1024,8.2,1156,0
2160,25,-38,0,0,0,0,0,0,0,0,0,0,0,0,0,0,-38,25,0,100,0,0,0,0,0,0,0,0,0,0,0,0,-1024,-1024,-1024,-1024,8.2,1160,0
2164,25,-33,0,0,0,0,0,0,0,0,0,0,0,0,0,0,-33,25,0,100,0,0,0,0,0,0,0,0,0,0,0,0,-1024,-1024,-1024,-1024,8.2,1164,0
2168,26,-28,0,0,0,0,0,0,0,0,0,0,0,0,0,0,-28,26,0,100,0,0,0,0,0,0,0,0,0,0,0,0,-1024,-1024,-1024,-1024,8.2,1168,0
2172,27,-23,0,0,0,0,0,0,0,0,0,0,0,0,0,0,-23,27,0,100,0,0,0,0,0,0,0,0,0,0,0,0,-1024,-1024,-1024,-1024,8.2,1172,0
2176,28,-18,0,0,0,0,0,0,0,0,0,0,0,0,0,0,-18,28,0,100,0,0,0,0,0,0,0,0,0,0,0,0,-1024,-1024,-1024,-1024,8.2,1176,0
2180,29,-15,0,0,0,0,0,0,0,0,0,0,0,0,0,0,-15,29,0,100,0,0,0,0,0,0,0,0,0,0,0,0,-1024,-1024,-1024,-1024,8.2,1180,0
2184,29,-12,0,0,0,0,0,0,0,0,0,0,0,0,0,0,-12,29,0,100,0,0,0,0,0,0,0,0,0,0,0,0,-1024,-1024,-1024,-1024,8.2,1184,0
2188,30,-9,0,0,0,0,0,0,0,0,0,0,0,0,0,0,-9,30,0,100,0,0,0,0,0,0,0,0,0,0,0,0,-1024,-1024,-1024,-1024,8.2,1188,0
2192,30,-6,0,0,0,0,0,0,0,0,0,0,0,0,0,0,-6,30,0,100,0,0,0,0,0,0,0,0,0,0,0,0,-1024,-1024,-1024,-1024,8.2,1192,0
2196,30,-4,0,0,0,0,0,0,0,0,0,0,0,0,0,0,-4,30,0,100,0,0,0,0,0,0,0,0,0,0,0,0,-1024,-1024,-1024,-1024,8.2,1196,0
2200,30,-2,0,0,0,0,0,0,0,0,0,0,0,0,0,0,-2,30,0,100,0,0,0,0,0,0,0,0,0,0,0,0,-1024,-1024,-1024,-1024,8.2,1200,0
2204,31,-1,0,0,0,0,0,0,0,0,0,0,0,0,0,0,-1,31,0,100,0,0,0,0,0,0,0,0,0,0,0,0,-1024,-1024,-1024,-1024,8.2,1204,0
2208,32,0,0,0,0,0,0,0,0,0,0,0,0,0,0,0,0,32,0,100,0,0,0,0,0,0,0,0,0,0,0,0,-1024,-1024,-1024,-1024,8.2,1208,0
2212,33,1,0,0,0,0,0,0,0,0,0,0,0,0,0,0,1,33,0,100,0,0,0,0,0,0,0,0,0,0,0,0,-1024,-1024,-1024,-1024,8.2,1212,0
2216,34,4,0,0,0,0,0,0,0,0,0,0,0,0,0,0,4,34,0,100,0,0,0,0,0,0,0,0,0,0,0,0,-1024,-1024,-1024,-1024,8.2,1216,0
2220,34,7,0,0,0,0,0,0,0,0,0,0,0,0,0,0,7,34,0,100,0,0,0,0,0,0,0,0,0,0,0,0,-1024,-1024,-1024,-1024,8.2,1220,0
2224,35,10,0,0,0,0,0,0,0,0,0,0,0,0,0,0,10,35,0,100,0,0,0,0,0,0,0,0,0,0,0,0,-1024,-1024,-1024,-1024,8.2,1224,0
2228,34,12,0,0,0,0,0,0,0,0,0,0,0,0,0,0,12,34,0,100,0,0,0,0,0,0,0,0,0,0,0,0,-1024,-1024,-1024,-1024,8.2,1228,0
2232,34,14,0,0,0,0,0,0,0,0,0,0,0,0,0,0,14,34,0,100,0,0,0,0,0,0,0,0,0,0,0,0,-1024,-1024,-1024,-1024,8.2,1232,0
2236,34,17,0,0,0,0,0,0,0,0,0,0,0,0,0,0,17,34,0,100,0,0,0,0,0,0,0,0,0,0,0,0,-1024,-1024,-1024,-1024,8.2,1236,0
2240,33,20,0,0,0,0,0,0,0,0,0,0,0,0,0,0,20,33,0,100,0,0,0,0,0,0,0,0,0,0,0,0,-1024,-1024,-1024,-1024,8.2,1240,0
2244,33,23,0,0,0,0,0,0,0,0,0,0,0,0,0,0,23,33,0,100,0,0,0,0,0,0,0,0,0,0,0,0,-1024,-1024,-1024,-1024,8.2,1244,0
2248,34,26,0,0,0,0,0,0,0,0,0,0,0,0,0,0,26,34,0,100,0,0,0,0,0,0,0,0,0,0,0,0,-1024,-1024,-1024,-1024,8.2,1248,0
2252,34,28,0,0,0,0,0,0,0,0,0,0,0,0,0,0,28,34,0,100,0,0,0,0,0,0,0,0,0,0,0,0,-1024,-1024,-1024,-1024,8.1,1252,0
2256,36,28,0,0,0,0,0,0,0,0,0,0,0,0,0,0,28,36,0,100,0,0,0,0,0,0,0,0,0,0,0,0,-1024,-1024,-1024,-1024,8.1,1256,0
2260,37,29,0,0,0,0,0,0,0,0,0,0,0,0,0,0,29,37,0,100,0,0,0,0,0,0,0,0,0,0,0,0,-1024,-1024,-1024,-1024,8.1,1260,0
2264,38,31,0,0,0,0,0,0,0,0,0,0,0,0,0,0,31,38,0,100,0,0,0,0,0,0,0,0,0,0,0,0,-1024,-1024,-1024,-1024,8.1,1264,0
2268,39,33,0,0,0,0,0,0,0,0,0,0,0,0,0,0,33,39,0,100,0,0,0,0,0,0,0,0,0,0,0,0,-1024,-1024,-1024,-1024,8.1,1268,0
2272,40,35,0,0,0,0,0,0,0,0,0,0,0,0,0,0,35,40,0,100,0,0,0,0,0,0,0,0,0,0,0,0,-1024,-1024,-1024,-1024,8.1,1272,0
2276,41,37,0,0,0,0,0,0,0,0,0,0,0,0,0,0,37,41,0,100,0,0,0,0,0,0,0,0,0,0,0,0,-1024,-1024,-1024,-1024,8.1,1276,0
2280,42,38,0,0,0,0,0,0,0,0,0,0,0,0,0,0,38,42,0,100,0,0,0,0,0,0,0,0,0,0,0,0,-1024,-1024,-1024,-1024,8.1,1280,0
2284,43,40,0,0,0,0,0,0,0,0,0,0,0,0,0,0,40,43,0,100,0,0,0,0,0,0,0,0,0,0,0,0,-1024,-1024,-1024,-1024,8.1,1284,0
2288,44,42,0,0,0,0,0,0,0,0,0,0,0,0,0,0,42,44,0,100,0,0,0,0,0,0,0,0,0,0,0,0,-1024,-1024,-1024,-1024,8.1,1288,0
2292,45,46,0,0,0,0,0,0,0,0,0,0,0,0,0,0,46,45,0,100,0,0,0,0,0,0,0,0,0,0,0,0,-1024,-1024,-1024,-1024,8.1,1292,0
2296,47,49,0,0,0,0,0,0,0,0,0,0,0,0,0,0,49,47,0,100,0,0,0,0,0,0,0,0,0,0,0,0,-1024,-1024,-1024,-1024,8.1,1296,0
2300,49,51,0,0,0,0,0,0,0,0,0,0,0,0,0,0,51,49,0,100,0,0,0,0,0,0,0,0,0,0,0,0,-1024,-1024,-1024,-1024,8.1,1300,0
2304,50,53,0,0,0,0,0,0,0,0,0,0,0,0,0,0,53,50,0,100,0,0,0,0,0,0,0,0,0,0,0,0,-1024,-1024,-1024,-1024,8.1,1304,0
2308,51,53,0,0,0,0,0,0,0,0,0,0,0,0,0,0,53,51,0,100,0,0,0,0,0,0,0,0,0,0,0,0,-1024,-1024,-1024,-1024,8.1,1308,0
2312,52,54,0,0,0,0,0,0,0,0,0,0,0,0,0,0,54,52,0,100,0,0,0,0,0,0,0,0,0,0,0,0,-1024,-1024,-1024,-1024,8.1,1312,0
2316,52,54,0,0,0,0,0,0,0,0,0,0,0,0,0,0,54,52,0,100,0,0,0,0,0,0,0,0,0,0,0,0,-1024,-1024,-1024,-1024,8.1,1316,0
2320,52,54,0,0,0,0,0,0,0,0,0,0,0,0,0,0,54,52,0,100,0,0,0,0,0,0,0,0,0,0,0,0,-1024,-1024,-1024,-1024,8.1,1320,0
2324,51,54,0,0,0,0,0,0,0,0,0,0,0,0,0,0,54,51,0,100,0,0,0,0,0,0,0,0,0,0,0,0,-1024,-1024,-1024,-1024,8.1,1324,0
2328,51,52,0,0,0,0,0,0,0,0,0,0,0,0,0,0,52,51,0,100,0,0,0,0,0,0,0,0,0,0,0,0,-1024,-1024,-1024,-1024,8.1,1328,0
2332,50,50,0,0,0,0,0,0,0,0,0,0,0,0,0,0,50,50,0,100,0,0,0,0,0,0,0,0,0,0,0,0,-1024,-1024,-1024,-1024,8.1,1332,0
2336,50,49,0,0,0,0,0,0,0,0,0,0,0,0,0,0,49,50,0,100,0,0,0,0,0,0,0,0,0,0,0,0,-1024,-1024,-1024,-1024,8.1,1336,0
2340,49,48,0,0,0,0,0,0,0,0,0,0,0,0,0,0,48,49,0,100,0,0,0,0,0,0,0,0,0,0,0,0,-1024,-1024,-1024,-1024,8.1,1340,0
2344,49,48,0,0,0,0,0,0,0,0,0,0,0,0,0,0,48,49,0,100,0,0,0,0,0,0,0,0,0,0,0,0,-1024,-1024,-1024,-1024,8.1,1344,0
2348,49,48,0,0,0,0,0,0,0,0,0,0,0,0,0,0,48,49,0,100,0,0,0,0,0,0,0,0,0,0,0,0,-1024,-1024,-1024,-1024,8.1,1348,0
2352,49,48,0,0,0,0,0,0,0,0,0,0,0,0,0,0,48,49,0,100,0,0,0,0,0,0,0,0,0,0,0,0,-1024,-1024,-1024,-1024,8.1,1352,0
2356,48,47,0,0,0,0,0,0,0,0,0,0,0,0,0,0,47,48,0,100,0,0,0,0,0,0,0,0,0,0,0,0,-1024,-1024,-1024,-1024,8.1,1356,0
2360,47,46,0,0,0,0,0,0,0,0,0,0,0,0,0,0,46,47,0,100,0,0,0,0,0,0,0,0,0,0,0,0,-1024,-1024,-1024,-1024,8.1,1360,0
2364,46,45,0,0,0,0,0,0,0,0,0,0,0,0,0,0,45,46,0,100,0,0,0,0,0,0,0,0,0,0,0,0,-1024,-1024,-1024,-1024,8.1,1364,0
2368,45,45,0,0,0,0,0,0,0,0,0,0,0,0,0,0,45,45,0,100,0,0,0,0,0,0,0,0,0,0,0,0,-1024,-1024,-1024,-1024,8.1,1368,0
2372,45,44,0,0,0,0,0,0,0,0,0,0,0,0,0,0,44,45,0,100,0,0,0,0,0,0,0,0,0,0,0,0,-1024,-1024,-1024,-1024,8.1,1372,0
2376,44,43,0,0,0,0,0,0,0,0,0,0,0,0,0,0,43,44,0,100,0,0,0,0,0,0,0,0,0,0,0,0,-1024,-1024,-1024,-1024,8.1,1376,0
2380,44,41,0,0,0,0,0,0,0,0,0,0,0,0,0,0,41,44,0,100,0,0,0,0,0,0,0,0,0,0,0,0,-1024,-1024,-1024,-1024,8.1,1380,0
2384,45,38,0,0,0,0,0,0,0,0,0,0,0,0,0,0,38,45,0,100,0,0,0,0,0,0,0,0,0,0,0,0,-1024,-1024,-1024,-1024,8.1,1384,0
2388,46,36,0,0,0,0,0,0,0,0,0,0,0,0,0,0,36,46,0,100,0,0,0,0,0,0,0,0,0,0,0,0,-1024,-1024,-1024,-1024,8.1,1388,0
2392,47,35,0,0,0,0,0,0,0,0,0,0,0,0,0,0,35,47,0,100,0,0,0,0,0,0,0,0,0,0,0,0,-1024,-1024,-1024,-1024,8.1,1392,0
2396,48,35,0,0,0,0,0,0,0,0,0,0,0,0,0,0,35,48,0,100,0,0,0,0,0,0,0,0,0,0,0,0,-1024,-1024,-1024,-1024,8.1,1396,0
2400,48,34,0,0,0,0,0,0,0,0,0,0,0,0,0,0,34,48,0,100,0,0,0,0,0,0,0,0,0,0,0,0,-1024,-1024,-1024,-1024,8.1,1400,0
2404,49,34,0,0,0,0,0,0,0,0,0,0,0,0,0,0,34,49,0,100,0,0,0,0,0,0,0,0,0,0,0,0,-1024,-1024,-1024,-1024,8.1,1404,0
2408,49,33,0,0,0,0,0,0,0,0,0,0,0,0,0,0,33,49,0,100,0,0,0,0,0,0,0,0,0,0,0,0,-1024,-1024,-1024,-1024,8.1,1408,0
2412,49,34,0,0,0,0,0,0,0,0,0,0,0,0,0,0,34,49,0,100,0,0,0,0,0,0,0,0,0,0,0,0,-1024,-1024,-1024,-1024,8.1,1412,0
2416,48,36,0,0,0,0,0,0,0,0,0,0,0,0,0,0,36,48,0,100,0,0,0,0,0,0,0,0,0,0,0,0,-1024,-1024,-1024,-1024,8.1,1416,0
2420,48,38,0,0,0,0,0,0,0,0,0,0,0,0,0,0,38,48,0,100,0,0,0,0,0,0,0,0,0,0,0,0,-1024,-1024,-1024,-1024,8.1,1420,0
2424,49,40,0,0,0,0,0,0,0,0,0,0,0,0,0,0,40,49,0,100,0,0,0,0,0,0,0,0,0,0,0,0,-1024,-1024,-1024,-1024,8.1,1424,0
2428,49,41,0,0,0,0,0,0,0,0,0,0,0,0,0,0,41,49,0,100,0,0,0,0,0,0,0,0,0,0,0,0,-1024,-1024,-1024,-1024,8.1,1428,0
2432,50,41,0,0,0,0,0,0,0,0,0,0,0,0,0,0,41,50,0,100,0,0,0,0,0,0,0,0,0,0,0,0,-1024,-1024,-1024,-1024,8.1,1432,0
2436,50,41,0,0,0,0,0,0,0,0,0,0,0,0,0,0,41,50,0,100,0,0,0,0,0,0,0,0,0,0,0,0,-1024,-1024,-1024,-1024,8.1,1436,0
2440,50,42,0,0,0,0,0,0,0,0,0,0,0,0,0,0,42,50,0,100,0,0,0,0,0,0,0,0,0,0,0,0,-1024,-1024,-1024,-1024,8.1,1440,0
2444,50,43,0,0,0,0,0,0,0,0,0,0,0,0,0,0,43,50,0,100,0,0,0,0,0,0,0,0,0,0,0,0,-1024,-1024,-1024,-1024,8.1,1444,0
2448,50,43,0,0,0,0,0,0,0,0,0,0,0,0,0,0,43,50,0,100,0,0,0,0,0,0,0,0,0,0,0,0,-1024,-1024,-1024,-1024,8.1,1448,0
2452,49,43,0,0,0,0,0,0,0,0,0,0,0,0,0,0,43,49,0,100,0,0,0,0,0,0,0,0,0,0,0,0,-1024,-1024,-1024,-1024,8.1,1452,0
2456,49,42,0,0,0,0,0,0,0,0,0,0,0,0,0,0,42,49,0,100,0,0,0,0,0,0,0,0,0,0,0,0,-1024,-1024,-1024,-1024,8.1,1456,0
2460,48,42,0,0,0,0,0,0,0,0,0,0,0,0,0,0,42,48,0,100,0,0,0,0,0,0,0,0,0,0,0,0,-1024,-1024,-1024,-1024,8.1,1460,0
2464,48,42,0,0,0,0,0,0,0,0,0,0,0,0,0,0,42,48,0,100,0,0,0,0,0,0,0,0,0,0,0,0,-1024,-1024,-1024,-1024,8.1,1464,0
2468,48,44,0,0,0,0,0,0,0,0,0,0,0,0,0,0,44,48,0,100,0,0,0,0,0,0,0,0,0,0,0,0,-1024,-1024,-1024,-1024,8.1,1468,0
2472,49,45,0,0,0,0,0,0,0,0,0,0,0,0,0,0,45,49,0,100,0,0,0,0,0,0,0,0,0,0,0,0,-1024,-1024,-1024,-1024,8.1,1472,0
2476,50,47,0,0,0,0,0,0,0,0,0,0,0,0,0,0,47,50,0,100,0,0,0,0,0,0,0,0,0,0,0,0,-1024,-1024,-1024,-1024,8.1,1476,0
2480,52,48,0,0,0,0,0,0,0,0,0,0,0,0,0,0,48,52,0,100,0,0,0,0,0,0,0,0,0,0,0,0,-1024,-1024,-1024,-1024,8.1,1480,0
2484,53,48,0,0,0,0,0,0,0,0,0,0,0,0,0,0,48,53,0,100,0,0,0,0,0,0,0,0,0,0,0,0,-1024,-1024,-1024,-1024,8.1,1484,0
2488,54,49,0,0,0,0,0,0,0,0,0,0,0,0,0,0,49,54,0,100,0,0,0,0,0,0,0,0,0,0,0,0,-1024,-1024,-1024,-1024,8.1,1488,0
2492,55,51,0,0,0,0,0,0,0,0,0,0,0,0,0,0,51,55,0,100,0,0,0,0,0,0,0,0,0,0,0,0,-1024,-1024,-1024,-1024,8.1,1492,0
2496,56,52,0,0,0,0,0,0,0,0,0,0,0,0,0,0,52,56,0,100,0,0,0,0,0,0,0,0,0,0,0,0,-1024,-1024,-1024,-1024,8.1,1496,0
2500,57,53,0,0,0,0,0,0,0,0,0,0,0,0,0,0,53,57,100,100,0,0,0,0,0,0,0,0,0,0,0,0,-1024,-1024,-1024,-1024,8.1,1500,0
2504,59,52,0,0,0,0,0,0,0,0,0,0,0,0,0,0,52,59,100,100,0,0,0,0,0,0,0,0,0,0,0,0,-1024,-1024,-1024,-1024,8.1,1504,0
2508,60,51,0,0,0,0,0,0,0,0,0,0,0,0,0,0,51,60,100,100,0,0,0,0,0,0,0,0,0,0,0,0,-1024,-1024,-1024,-1024,8.1,1508,0
2512,62,51,0,0,0,0,0,0,0,0,0,0,0,0,0,0,51,62,100,100,0,0,0,0,0,0,0,0,0,0,0,0,-1024,-1024,-1024,-1024,8.1,1512,0
2516,64,51,0,0,0,0,0,0,0,0,0,0,0,0,0,0,51,64,100,100,0,0,0,0,0,0,0,0,0,0,0,0,-1024,-1024,-1024,-1024,8.1,1516,0
2520,66,52,0,0,0,0,0,0,0,0,0,0,0,0,0,0,52,66,100,100,0,0,0,0,0,0,0,0,0,0,0,0,-1024,-1024,-1024,-1024,8.1,1520,0
2524,67,54,0,0,0,0,0,0,0,0,0,0,0,0,0,0,54,67,100,100,0,0,0,0,0,0,0,0,0,0,0,0,-1024,-1024,-1024,-1024,8.1,1524,0
2528,69,55,0,0,0,0,0,0,0,0,0,0,0,0,0,0,55,69,100,100,0,0,0,0,0,0,0,0,0,0,0,0,-1024,-1024,-1024,-1024,8.1,1528,0
2532,70,56,0,0,0,0,0,0,0,0,0,0,0,0,0,0,56,70,100,100,0,0,0,0,0,0,0,0,0,0,0,0,-1024,-1024,-1024,-1024,8.1,1532,0
2536,71,58,0,0,0,0,0,0,0,0,0,0,0,0,0,0,58,71,100,100,0,0,0,0,0,0,0,0,0,0,0,0,-1024,-1024,-1024,-1024,8.1,1536,0
2540,71,61,0,0,0,0,0,0,0,0,0,0,0,0,0,0,61,71,100,100,0,0,0,0,0,0,0,0,0,0,0,0,-1024,-1024,-1024,-1024,8.1,1540,0
2544,71,65,0,0,0,0,0,0,0,0,0,0,0,0,0,0,65,71,100,100,0,0,0,0,0,0,0,0,0,0,0,0,-1024,-1024,-1024,-1024,8.1,1544,0
2548,70,68,0,0,0,0,0,0,0,0,0,0,0,0,0,0,68,70,100,100,0,0,0,0,0,0,0,0,0,0,0,0,-1024,-1024,-1024,-1024,8.1,1548,0
2552,70,71,0,0,0,0,0,0,0,0,0,0,0,0,0,0,71,70,100,100,0,0,0,0,0,0,0,0,0,0,0,0,-1024,-1024,-1024,-1024,8.1,1552,0
2556,70,74,0,0,0,0,0,0,0,0,0,0,0,0,0,0,74,70,100,100,0,0,0,0,0,0,0,0,0,0,0,0,-1024,-1024,-1024,-1024,8.1,1556,0
2560,70,75,0,0,0,0,0,0,0,0,0,0,0,0,0,0,75,70,100,100,0,0,0,0,0,0,0,0,0,0,0,0,-1024,-1024,-1024,-1024,8.1,1560,0
2564,70,78,0,0,0,0,0,0,0,0,0,0,0,0,0,0,78,70,100,100,0,0,0,0,0,0,0,0,0,0,0,0,-1024,-1024,-1024,-1024,8.1,1564,0
2568,71,80,0,0,0,0,0,0,0,0,0,0,0,0,0,0,80,71,100,100,0,0,0,0,0,0,0,0,0,0,0,0,-1024,-1024,-1024,-1024,8.1,1568,0
2572,71,83,0,0,0,0,0,0,0,0,0,0,0,0,0,0,83,71,100,100,0,0,0,0,0,0,0,0,0,0,0,0,-1024,-1024,-1024,-1024,8.1,1572,0
2576,71,84,0,0,0,0,0,0,0,0,0,0,0,0,0,0,84,71,100,100,0,0,0,0,0,0,0,0,0,0,0,0,-1024,-1024,-1024,-1024,8.1,1576,0
2580,70,86,0,0,0,0,0,0,0,0,0,0,0,0,0,0,86,70,100,100,0,0,0,0,0,0,0,0,0,0,0,0,-1024,-1024,-1024,-1024,8.1,1580,0
2584,70,87,0,0,0,0,0,0,0,0,0,0,0,0,0,0,87,70,100,100,0,0,0,0,0,0,0,0,0,0,0,0,-1024,-1024,-1024,-1024,8.1,1584,0
2588,69,89,0,0,0,0,0,0,0,0,0,0,0,0,0,0,89,69,100,100,0,0,0,0,0,0,0,0,0,0,0,0,-1024,-1024,-1024,-1024,8.1,1588,0
2592,69,91,0,0,0,0,0,0,0,0,0,0,0,0,0,0,91,69,100,100,0,0,0,0,0,0,0,0,0,0,0,0,-1024,-1024,-1024,-1024,8.1,1592,0
2596,68,95,0,0,0,0,0,0,0,0,0,0,0,0,0,0,95,68,100,100,0,0,0,0,0,0,0,0,0,0,0,0,-1024,-1024,-1024,-1024,8.1,1596,0
2600,69,97,0,0,0,0,0,0,0,0,0,0,0,0,0,0,97,69,100,100,0,0,0,0,0,0,0,0,0,0,0,0,-1024,-1024,-1024,-1024,8.1,1600,0
2604,70,99,0,0,0,0,0,0,0,0,0,0,0,0,0,0,99,70,100,100,0,0,0,0,0,0,0,0,0,0,0,0,-1024,-1024,-1024,-1024,8.1,1604,0
2608,70,100,0,0,0,0,0,0,0,0,0,0,0,0,0,0,100,70,100,100,0,0,0,0,0,0,0,0,0,0,0,0,-1024,-1024,-1024,-1024,8.1,1608,0
2612,71,100,0,0,0,0,0,0,0,0,0,0,0,0,0,0,100,71,100,100,0,0,0,0,0,0,0,0,0,0,0,0,-1024,-1024,-1024,-1024,8.1,1612,0
2616,72,100,0,0,0,0,0,0,0,0,0,0,0,0,0,0,100,72,100,100,0,0,0,0,0,0,0,0,0,0,0,0,-1024,-1024,-1024,-1024,8.1,1616,0
2620,73,100,0,0,0,0,0,0,0,0,0,0,0,0,0,0,100,73,100,100,0,0,0,0,0,0,0,0,0,0,0,0,-1024,-1024,-1024,-1024,8.1,1620,0
2624,73,100,0,0,0,0,0,0,0,0,0,0,0,0,0,0,100,73,100,100,0,0,0,0,0,0,0,0,0,0,0,0,-1024,-1024,-1024,-1024,8.1,1624,0
2628,73,100,0,0,0,0,0,0,0,0,0,0,0,0,0,0,100,73,100,100,0,0,0,0,0,0,0,0,0,0,0,0,-1024,-1024,-1024,-1024,8.1,1628,0
2632,72,100,0,0,0,0,0,0,0,0,0,0,0,0,0,0,100,72,100,100,0,0,0,0,0,0,0,0,0,0,0,0,-1024,-1024,-1024,-1024,8.1,1632,0
2636,72,100,0,0,0,0,0,0,0,0,0,0,0,0,0,0,100,72,100,100,0,0,0,0,0,0,0,0,0,0,0,0,-1024,-1024,-1024,-1024,8.1,1636,0
2640,71,100,0,0,0,0,0,0,0,0,0,0,0,0,0,0,100,71,100,100,0,0,0,0,0,0,0,0,0,0,0,0,-1024,-1024,-1024,-1024,8.1,1640,0
2644,71,99,0,0,0,0,0,0,0,0,0,0,0,0,0,0,99,71,100,100,0,0,0,0,0,0,0,0,0,0,0,0,-1024,-1024,-1024,-1024,8.1,1644,0
2648,71,99,0,0,0,0,0,0,0,0,0,0,0,0,0,0,99,71,100,100,0,0,0,0,0,0,0,0,0,0,0,0,-1024,-1024,-1024,-1024,8.1,1648,0
2652,71,97,0,0,0,0,0,0,0,0,0,0,0,0,0,0,97,71,100,100,0,0,0,0,0,0,0,0,0,0,0,0,-1024,-1024,-1024,-1024,8.1,1652,0
2656,71,96,0,0,0,0,0,0,0,0,0,0,0,0,0,0,96,71,100,100,0,0,0,0,0,0,0,0,0,0,0,0,-1024,-1024,-1024,-1024,8.1,1656,0
2660,71,95,0,0,0,0,0,0,0,0,0,0,0,0,0,0,95,71,100,100,0,0,0,0,0,0,0,0,0,0,0,0,-1024,-1024,-1024,-1024,8.1,1660,0
2664,70,95,0,0,0,0,0,0,0,0,0,0,0,0,0,0,95,70,100,100,0,0,0,0,0,0,0,0,0,0,0,0,-1024,-1024,-1024,-1024,8.1,1664,0
2668,69,95,0,0,0,0,0,0,0,0,0,0,0,0,0,0,95,69,100,100,0,0,0,0,0,0,0,0,0,0,0,0,-1024,-1024,-1024,-1024,8.1,1668,0
2672,68,95,0,0,0,0,0,0,0,0,0,0,0,0,0,0,95,68,100,100,0,0,0,0,0,0,0,0,0,0,0,0,-1024,-1024,-1024,-1024,8.1,1672,0
2676,67,95,0,0,0,0,0,0,0,0,0,0,0,0,0,0,95,67,100,100,0,0,0,0,0,0,0,0,0,0,0,0,-1024,-1024,-1024,-1024,8.1,1676,0
2680,66,94,0,0,0,0,0,0,0,0,0,0,0,0,0,0,94,66,100,100,0,0,0,0,0,0,0,0,0,0,0,0,-1024,-1024,-1024,-1024,8.1,1680,0
2684,65,92,0,0,0,0,0,0,0,0,0,0,0,0,0,0,92,65,100,100,0,0,0,0,0,0,0,0,0,0,0,0,-1024,-1024,-1024,-1024,8.1,1684,0
2688,65,90,0,0,0,0,0,0,0,0,0,0,0,0,0,0,90,65,100,100,0,0,0,0,0,0,0,0,0,0,0,0,-1024,-1024,-1024,-1024,8.1,1688,0
2692,65,88,0,0,0,0,0,0,0,0,0,0,0,0,0,0,88,65,100,100,0,0,0,0,0,0,0,0,0,0,0,0,-1024,-1024,-1024,-1024,8.1,1692,0
2696,66,87,0,0,0,0,0,0,0,0,0,0,0,0,0,0,87,66,100,100,0,0,0,0,0,0,0,0,0,0,0,0,-1024,-1024,-1024,-1024,8.1,1696,0
2700,67,85,0,0,0,0,0,0,0,0,0,0,0,0,0,0,85,67,100,100,0,0,0,0,0,0,0,0,0,0,0,0,-1024,-1024,-1024,-1024,8.1,1700,0
2704,68,83,0,0,0,0,0,0,0,0,0,0,0,0,0,0,83,68,100,100,0,0,0,0,0,0,0,0,0,0,0,0,-1024,-1024,-1024,-1024,8.1,1704,0
2708,68,80,0,0,0,0,0,0,0,0,0,0,0,0,0,0,80,68,100,100,0,0,0,0,0,0,0,0,0,0,0,0,-1024,-1024,-1024,-1024,8.1,1708,0
2712,69,78,0,0,0,0,0,0,0,0,0,0,0,0,0,0,78,69,100,100,0,0,0,0,0,0,0,0,0,0,0,0,-1024,-1024,-1024,-1024,8.1,1712,0
2716,70,77,0,0,0,0,0,0,0,0,0,0,0,0,0,0,77,70,100,100,0,0,0,0,0,0,0,0,0,0,0,0,-1024,-1024,-1024,-1024,8.1,1716,0
2720,70,77,0,0,0,0,0,0,0,0,0,0,0,0,0,0,77,70,100,100,0,0,0,0,0,0,0,0,0,0,0,0,-1024,-1024,-1024,-1024,8.1,1720,0
2724,71,76,0,0,0,0,0,0,0,0,0,0,0,0,0,0,76,71,100,100,0,0,0,0,0,0,0,0,0,0,0,0,-1024,-1024,-1024,-1024,8.1,1724,0
2728,72,75,0,0,0,0,0,0,0,0,0,0,0,0,0,0,75,72,100,100,0,0,0,0,0,0,0,0,0,0,0,0,-1024,-1024,-1024,-1024,8.1,1728,0
2732,74,73,0,0,0,0,0,0,0,0,0,0,0,0,0,0,73,74,100,100,0,0,0,0,0,0,0,0,0,0,0,0,-1024,-1024,-1024,-1024,8.1,1732,0
2736,75,71,0,0,0,0,0,0,0,0,0,0,0,0,0,0,71,75,100,100,0,0,0,0,0,0,0,0,0,0,0,0,-1024,-1024,-1024,-1024,8.1,1736,0
2740,77,69,0,0,0,0,0,0,0,0,0,0,0,0,0,0,69,77,100,100,0,0,0,0,0,0,0,0,0,0,0,0,-1024,-1024,-1024,-1024,8.1,1740,0
2744,79,67,0,0,0,0,0,0,0,0,0,0,0,0,0,0,67,79,100,100,0,0,0,0,0,0,0,0,0,0,0,0,-1024,-1024,-1024,-1024,8.1,1744,0
2748,80,65,0,0,0,0,0,0,0,0,0,0,0,0,0,0,65,80,100,100,0,0,0,0,0,0,0,0,0,0,0,0,-1024,-1024,-1024,-1024,8.1,1748,0
2752,81,61,0,0,0,0,0,0,0,0,0,0,0,0,0,0,61,81,100,100,0,0,0,0,0,0,0,0,0,0,0,0,-1024,-1024,-1024,-1024,8,1752,0
2756,82,56,0,0,0,0,0,0,0,0,0,0,0,0,0,0,56,82,100,100,0,0,0,0,0,0,0,0,0,0,0,0,-1024,-1024,-1024,-1024,8,1756,0
2760,82,51,0,0,0,0,0,0,0,0,0,0,0,0,0,0,51,82,100,100,0,0,0,0,0,0,0,0,0,0,0,0,-1024,-1024,-1024,-1024,8,1760,0
2764,81,46,0,0,0,0,0,0,0,0,0,0,0,0,0,0,46,81,100,100,0,0,0,0,0,0,0,0,0,0,0,0,-1024,-1024,-1024,-1024,8,1764,0
2768,81,42,0,0,0,0,0,0,0,0,0,0,0,0,0,0,42,81,100,100,0,0,0,0,0,0,0,0,0,0,0,0,-1024,-1024,-1024,-1024,8,1768,0
2772,81,39,0,0,0,0,0,0,0,0,0,0,0,0,0,0,39,81,100,100,0,0,0,0,0,0,0,0,0,0,0,0,-1024,-1024,-1024,-1024,8,1772,0
2776,81,35,0,0,0,0,0,0,0,0,0,0,0,0,0,0,35,81,100,100,0,0,0,0,0,0,0,0,0,0,0,0,-1024,-1024,-1024,-1024,8,1776,0
2780,81,31,0,0,0,0,0,0,0,0,0,0,0,0,0,0,31,81,100,100,0,0,0,0,0,0,0,0,0,0,0,0,-1024,-1024,-1024,-1024,8,1780,0
2784,82,26,0,0,0,0,0,0,0,0,0,0,0,0,0,0,26,82,100,100,0,0,0,0,0,0,0,0,0,0,0,0,-1024,-1024,-1024,-1024,8,1784,0
2788,82,23,0,0,0,0,0,0,0,0,0,0,0,0,0,0,23,82,100,100,0,0,0,0,0,0,0,0,0,0,0,0,-1024,-1024,-1024,-1024,8,1788,0
2792,83,20,0,0,0,0,0,0,0,0,0,0,0,0,0,0,20,83,100,100,0,0,0,0,0,0,0,0,0,0,0,0,-1024,-1024,-1024,-1024,8,1792,0
2796,83,18,0,0,0,0,0,0,0,0,0,0,0,0,0,0,18,83,100,100,0,0,0,0,0,0,0,0,0,0,0,0,-1024,-1024,-1024,-1024,8,1796,0
2800,82,15,0,0,0,0,0,0,0,0,0,0,0,0,0,0,15,82,100,100,0,0,0,0,0,0,0,0,0,0,0,0,-1024,-1024,-1024,-1024,8,1800,0
2804,82,11,0,0,0,0,0,0,0,0,0,0,0,0,0,0,11,82,0,100,0,0,0,0,0,0,0,0,0,0,0,0,-1024,-1024,-1024,-1024,8,1804,0
2808,82,7,0,0,0,0,0,0,0,0,0,0,0,0,0,0,7,82,0,100,0,0,0,0,0,0,0,0,0,0,0,0,-1024,-1024,-1024,-1024,8,1808,0
2812,82,3,0,0,0,0,0,0,0,0,0,0,0,0,0,0,3,82,0,100,0,0,0,0,0,0,0,0,0,0,0,0,-1024,-1024,-1024,-1024,8,1812,0
2816,82,-1,0,0,0,0,0,0,0,0,0,0,0,0,0,0,-1,82,0,100,0,0,0,0,0,0,0,0,0,0,0,0,-1024,-1024,-1024,-1024,8,1816,0
2820,83,-4,0,0,0,0,0,0,0,0,0,0,0,0,0,0,-4,83,0,100,0,0,0,0,0,0,0,0,0,0,0,0,-1024,-1024,-1024,-1024,8,1820,0
2824,83,-7,0,0,0,0,0,0,0,0,0,0,0,0,0,0,-7,83,0,100,0,0,0,0,0,0,0,0,0,0,0,0,-1024,-1024,-1024,-1024,8,1824,0
2828,85,-11,0,0,0,0,0,0,0,0,0,0,0,0,0,0,-11,85,0,100,0,0,0,0,0,0,0,0,0,0,0,0,-1024,-1024,-1024,-1024,8,1828,0
2832,86,-15,0,0,0,0,0,0,0,0,0,0,0,0,0,0,-15,86,0,100,0,0,0,0,0,0,0,0,0,0,0,0,-1024,-1024,-1024,-1024,8,1832,0
2836,86,-18,0,0,0,0,0,0,0,0,0,0,0,0,0,0,-18,86,0,100,0,0,0,0,0,0,0,0,0,0,0,0,-1024,-1024,-1024,-1024,8,1836,0
2840,87,-19,0,0,0,0,0,0,0,0,0,0,0,0,0,0,-19,87,0,100,0,0,0,0,0,0,0,0,0,0,0,0,-1024,-1024,-1024,-1024,8,1840,0
2844,87,-20,0,0,0,0,0,0,0,0,0,0,0,0,0,0,-20,87,0,100,0,0,0,0,0,0,0,0,0,0,0,0,-1024,-1024,-1024,-1024,8,1844,0
2848,87,-20,0,0,0,0,0,0,0,0,0,0,0,0,0,0,-20,87,0,100,0,0,0,0,0,0,0,0,0,0,0,0,-1024,-1024,-1024,-1024,8,1848,0
2852,86,-20,0,0,0,0,0,0,0,0,0,0,0,0,0,0,-20,86,0,100,0,0,0,0,0,0,0,0,0,0,0,0,-1024,-1024,-1024,-1024,8,1852,0
2856,85,-21,0,0,0,0,0,0,0,0,0,0,0,0,0,0,-21,85,0,100,0,0,0,0,0,0,0,0,0,0,0,0,-1024,-1024,-1024,-1024,8,1856,0
2860,85,-22,0,0,0,0,0,0,0,0,0,0,0,0,0,0,-22,85,0,100,0,0,0,0,0,0,0,0,0,0,0,0,-1024,-1024,-1024,-1024,8,1860,0
2864,84,-23,0,0,0,0,0,0,0,0,0,0,0,0,0,0,-23,84,0,100,0,0,0,0,0,0,0,0,0,0,0,0,-1024,-1024,-1024,-1024,8,1864,0
2868,84,-23,0,0,0,0,0,0,0,0,0,0,0,0,0,0,-23,84,0,100,0,0,0,0,0,0,0,0,0,0,0,0,-1024,-1024,-1024,-1024,8,1868,0
2872,84,-23,0,0,0,0,0,0,0,0,0,0,0,0,0,0,-23,84,0,100,0,0,0,0,0,0,0,0,0,0,0,0,-1024,-1024,-1024,-1024,8,1872,0
2876,83,-24,0,0,0,0,0,0,0,0,0,0,0,0,0,0,-24,83,0,100,0,0,0,0,0,0,0,0,0,0,0,0,-1024,-1024,-1024,-1024,8,1876,0
2880,82,-26,0,0,0,0,0,0,0,0,0,0,0,0,0,0,-26,82,0,100,0,0,0,0,0,0,0,0,0,0,0,0,-1024,-1024,-1024,-1024,8,1880,0
2884,81,-29,0,0,0,0,0,0,0,0,0,0,0,0,0,0,-29,81,0,100,0,0,0,0,0,0,0,0,0,0,0,0,-1024,-1024,-1024,-1024,8,1884,0
2888,79,-31,0,0,0,0,0,0,0,0,0,0,0,0,0,0,-31,79,0,100,0,0,0,0,0,0,0,0,0,0,0,0,-1024,-1024,-1024,-1024,8,1888,0
2892,78,-32,0,0,0,0,0,0,0,0,0,0,0,0,0,0,-32,78,0,100,0,0,0,0,0,0,0,0,0,0,0,0,-1024,-1024,-1024,-1024,8,1892,0
2896,76,-33,0,0,0,0,0,0,0,0,0,0,0,0,0,0,-33,76,0,100,0,0,0,0,0,0,0,0,0,0,0,0,-1024,-1024,-1024,-1024,8,1896,0
2900,74,-33,0,0,0,0,0,0,0,0,0,0,0,0,0,0,-33,74,0,100,0,0,0,0,0,0,0,0,0,0,0,0,-1024,-1024,-1024,-1024,8,1900,0
2904,73,-34,0,0,0,0,0,0,0,0,0,0,0,0,0,0,-34,73,0,100,0,0,0,0,0,0,0,0,0,0,0,0,-1024,-1024,-1024,-1024,8,1904,0
2908,72,-36,0,0,0,0,0,0,0,0,0,0,0,0,0,0,-36,72,0,100,0,0,0,0,0,0,0,0,0,0,0,0,-1024,-1024,-1024,-1024,8,1908,0
2912,72,-36,0,0,0,0,0,0,0,0,0,0,0,0,0,0,-36,72,0,100,0,0,0,0,0,0,0,0,0,0,0,0,-1024,-1024,-1024,-1024,8,1912,0
2916,72,-36,0,0,0,0,0,0,0,0,0,0,0,0,0,0,-36,72,0,100,0,0,0,0,0,0,0,0,0,0,0,0,-1024,-1024,-1024,-1024,8,1916,0
2920,72,-35,0,0,0,0,0,0,0,0,0,0,0,0,0,0,-35,72,0,100,0,0,0,0,0,0,0,0,0,0,0,0,-1024,-1024,-1024,-1024,8,1920,0
2924,72,-35,0,0,0,0,0,0,0,0,0,0,0,0,0,0,-35,72,0,100,0,0,0,0,0,0,0,0,0,0,0,0,-1024,-1024,-1024,-1024,8,1924,0
2928,73,-36,0,0,0,0,0,0,0,0,0,0,0,0,0,0,-36,73,0,100,0,0,0,0,0,0,0,0,0,0,0,0,-1024,-1024,-1024,-1024,8,1928,0
2932,73,-37,0,0,0,0,0,0,0,0,0,0,0,0,0,0,-37,73,0,100,0,0,0,0,0,0,0,0,0,0,0,0,-1024,-1024,-1024,-1024,8,1932,0
2936,73,-39,0,0,0,0,0,0,0,0,0,0,0,0,0,0,-39,73,0,100,0,0,0,0,0,0,0,0,0,0,0,0,-1024,-1024,-1024,-1024,8,1936,0
2940,72,-40,0,0,0,0,0,0,0,0,0,0,0,0,0,0,-40,72,0,100,0,0,0,0,0,0,0,0,0,0,0,0,-1024,-1024,-1024,-1024,8,1940,0
2944,73,-41,0,0,0,0,0,0,0,0,0,0,0,0,0,0,-41,73,0,100,0,0,0,0,0,0,0,0,0,0,0,0,-1024,-1024,-1024,-1024,8,1944,0
2948,73,-42,0,0,0,0,0,0,0,0,0,0,0,0,0,0,-42,73,0,100,0,0,0,0,0,0,0,0,0,0,0,0,-1024,-1024,-1024,-1024,8,1948,0
2952,74,-43,0,0,0,0,0,0,0,0,0,0,0,0,0,0,-43,74,0,100,0,0,0,0,0,0,0,0,0,0,0,0,-1024,-1024,-1024,-1024,8,1952,0
2956,75,-44,0,0,0,0,0,0,0,0,0,0,0,0,0,0,-44,75,0,100,0,0,0,0,0,0,0,0,0,0,0,0,-1024,-1024,-1024,-1024,8,1956,0
2960,76,-45,0,0,0,0,0,0,0,0,0,0,0,0,0,0,-45,76,0,100,0,0,0,0,0,0,0,0,0,0,0,0,-1024,-1024,-1024,-1024,8,1960,0
2964,77,-44,0,0,0,0,0,0,0,0,0,0,0,0,0,0,-44,77,0,100,0,0,0,0,0,0,0,0,0,0,0,0,-1024,-1024,-1024,-1024,8,1964,0
2968,77,-43,0,0,0,0,0,0,0,0,0,0,0,0,0,0,-43,77,0,100,0,0,0,0,0,0,0,0,0,0,0,0,-1024,-1024,-1024,-1024,8,1968,0
2972,78,-41,0,0,0,0,0,0,0,0,0,0,0,0,0,0,-41,78,0,100,0,0,0,0,0,0,0,0,0,0,0,0,-1024,-1024,-1024,-1024,8,1972,0
2976,78,-39,0,0,0,0,0,0,0,0,0,0,0,0,0,0,-39,78,0,100,0,0,0,0,0,0,0,0,0,0,0,0,-1024,-1024,-1024,-1024,8,1976,0
2980,77,-37,0,0,0,0,0,0,0,0,0,0,0,0,0,0,-37,77,0,100,0,0,0,0,0,0,0,0,0,0,0,0,-1024,-1024,-1024,-1024,8,1980,0
2984,76,-36,0,0,0,0,0,0,0,0,0,0,0,0,0,0,-36,76,0,100,0,0,0,0,0,0,0,0,0,0,0,0,-1024,-1024,-1024,-1024,8,1984,0
2988,76,-35,0,0,0,0,0,0,0,0,0,0,0,0,0,0,-35,76,0,100,0,0,0,0,0,0,0,0,0,0,0,0,-1024,-1024,-1024,-1024,8,1988,0
2992,75,-33,0,0,0,0,0,0,0,0,0,0,0,0,0,0,-33,75,0,100,0,0,0,0,0,0,0,0,0,0,0,0,-1024,-1024,-1024,-1024,8,1992,0
2996,75,-31,0,0,0,0,0,0,0,0,0,0,0,0,0,0,-31,75,0,100,0,0,0,0,0,0,0,0,0,0,0,0,-1024,-1024,-1024,-1024,8,1996,0
3000,75,-30,0,0,0,0,0,0,0,0,0,0,0,0,0,0,-30,75,0,100,0,0,0,0,0,0,0,0,0,0,0,0,-1024,-1024,-1024,-1024,8,2000,0
3004,76,-30,0,0,0,0,0,0,0,0,0,0,0,0,0,0,-30,76,0,100,0,0,0,0,0,0,0,0,0,0,0,0,-1024,-1024,-1024,-1024,8,2004,0
3008,76,-31,0,0,0,0,0,0,0,0,0,0,0,0,0,0,-31,76,0,100,0,0,0,0,0,0,0,0,0,0,0,0,-1024,-1024,-1024,-1024,8,2008,0
3012,76,-31,0,0,0,0,0,0,0,0,0,0,0,0,0,0,-31,76,0,100,0,0,0,0,0,0,0,0,0,0,0,0,-1024,-1024,-1024,-1024,8,2012,0
3016,76,-31,0,0,0,0,0,0,0,0,0,0,0,0,0,0,-31,76,0,100,0,0,0,0,0,0,0,0,0,0,0,0,-1024,-1024,-1024,-1024,8,2016,0
3020,76,-30,0,0,0,0,0,0,0,0,0,0,0,0,0,0,-30,76,0,100,0,0,0,0,0,0,0,0,0,0,0,0,-1024,-1024,-1024,-1024,8,2020,0
3024,76,-29,0,0,0,0,0,0,0,0,0,0,0,0,0,0,-29,76,0,100,0,0,0,0,0,0,0,0,0,0,0,0,-1024,-1024,-1024,-1024,8,2024,0
3028,76,-28,0,0,0,0,0,0,0,0,0,0,0,0,0,0,-28,76,0,100,0,0,0,0,0,0,0,0,0,0,0,0,-1024,-1024,-1024,-1024,8,2028,0
3032,76,-28,0,0,0,0,0,0,0,0,0,0,0,0,0,0,-28,76,0,100,0,0,0,0,0,0,0,0,0,0,0,0,-1024,-1024,-1024,-1024,8,2032,0
3036,76,-28,0,0,0,0,0,0,0,0,0,0,0,0,0,0,-28,76,0,100,0,0,0,0,0,0,0,0,0,0,0,0,-1024,-1024,-1024,-1024,8,2036,0
3040,77,-28,0,0,0,0,0,0,0,0,0,0,0,0,0,0,-28,77,0,100,0,0,0,0,0,0,0,0,0,0,0,0,-1024,-1024,-1024,-1024,8,2040,0
3044,78,-27,0,0,0,0,0,0,0,0,0,0,0,0,0,0,-27,78,0,100,0,0,0,0,0,0,0,0,0,0,0,0,-1024,-1024,-1024,-1024,8,2044,0
3048,79,-26,0,0,0,0,0,0,0,0,0,0,0,0,0,0,-26,79,0,100,0,0,0,0,0,0,0,0,0,0,0,0,-1024,-1024,-1024,-1024,8,2048,0
3052,81,-26,0,0,0,0,0,0,0,0,0,0,0,0,0,0,-26,81,0,100,0,0,0,0,0,0,0,0,0,0,0,0,-1024,-1024,-1024,-1024,8,2052,0
3056,82,-28,0,0,0,0,0,0,0,0,0,0,0,0,0,0,-28,82,0,100,0,0,0,0,0,0,0,0,0,0,0,0,-1024,-1024,-1024,-1024,8,2056,0
3060,82,-31,0,0,0,0,0,0,0,0,0,0,0,0,0,0,-31,82,0,100,0,0,0,0,0,0,0,0,0,0,0,0,-1024,-1024,-1024,-1024,8,2060,0
3064,82,-33,0,0,0,0,0,0,0,0,0,0,0,0,0,0,-33,82,0,100,0,0,0,0,0,0,0,0,0,0,0,0,-1024,-1024,-1024,-1024,8,2064,0
3068,82,-35,0,0,0,0,0,0,0,0,0,0,0,0,0,0,-35,82,0,100,0,0,0,0,0,0,0,0,0,0,0,0,-1024,-1024,-1024,-1024,8,2068,0
3072,82,-37,0,0,0,0,0,0,0,0,0,0,0,0,0,0,-37,82,0,100,0,0,0,0,0,0,0,0,0,0,0,0,-1024,-1024,-1024,-1024,8,2072,0
3076,81,-40,0,0,0,0,0,0,0,0,0,0,0,0,0,0,-40,81,0,100,0,0,0,0,0,0,0,0,0,0,0,0,-1024,-1024,-1024,-1024,8,2076,0
3080,80,-43,0,0,0,0,0,0,0,0,0,0,0,0,0,0,-43,80,0,100,0,0,0,0,0,0,0,0,0,0,0,0,-1024,-1024,-1024,-1024,8,2080,0
3084,80,-46,0,0,0,0,0,0,0,0,0,0,0,0,0,0,-46,80,0,100,0,0,0,0,0,0,0,0,0,0,0,0,-1024,-1024,-1024,-1024,8,2084,0
3088,79,-48,0,0,0,0,0,0,0,0,0,0,0,0,0,0,-48,79,0,100,0,0,0,0,0,0,0,0,0,0,0,0,-1024,-1024,-1024,-1024,8,2088,0
3092,79,-49,0,0,0,0,0,0,0,0,0,0,0,0,0,0,-49,79,0,100,0,0,0,0,0,0,0,0,0,0,0,0,-1024,-1024,-1024,-1024,8,2092,0
3096,78,-50,0,0,0,0,0,0,0,0,0,0,0,0,0,0,-50,78,0,100,0,0,0,0,0,0,0,0,0,0,0,0,-1024,-1024,-1024,-1024,8,2096,0
3100,77,-50,0,0,0,0,0,0,0,0,0,0,0,0,0,0,-50,77,0,100,0,0,0,0,0,0,0,0,0,0,0,0,-1024,-1024,-1024,-1024,8,2100,0
3104,76,-51,0,0,0,0,0,0,0,0,0,0,0,0,0,0,-51,76,0,100,0,0,0,0,0,0,0,0,0,0,0,0,-1024,-1024,-1024,-1024,8,2104,0
3108,74,-53,0,0,0,0,0,0,0,0,0,0,0,0,0,0,-53,74,0,100,0,0,0,0,0,0,0,0,0,0,0,0,-1024,-1024,-1024,-1024,8,2108,0
3112,72,-54,0,0,0,0,0,0,0,0,0,0,0,0,0,0,-54,72,0,100,0,0,0,0,0,0,0,0,0,0,0,0,-1024,-1024,-1024,-1024,8,2112,0
3116,70,-56,0,0,0,0,0,0,0,0,0,0,0,0,0,0,-56,70,0,100,0,0,0,0,0,0,0,0,0,0,0,0,-1024,-1024,-1024,-1024,8,2116,0
3120,68,-57,0,0,0,0,0,0,0,0,0,0,0,0,0,0,-57,68,0,100,0,0,0,0,0,0,0,0,0,0,0,0,-1024,-1024,-1024,-1024,8,2120,0
3124,67,-58,0,0,0,0,0,0,0,0,0,0,0,0,0,0,-58,67,0,100,0,0,0,0,0,0,0,0,0,0,0,0,-1024,-1024,-1024,-1024,8,2124,0
3128,66,-60,0,0,0,0,0,0,0,0,0,0,0,0,0,0,-60,66,0,100,0,0,0,0,0,0,0,0,0,0,0,0,-1024,-1024,-1024,-1024,8,2128,0
3132,65,-63,0,0,0,0,0,0,0,0,0,0,0,0,0,0,-63,65,0,100,0,0,0,0,0,0,0,0,0,0,0,0,-1024,-1024,-1024,-1024,8,2132,0
3136,65,-66,0,0,0,0,0,0,0,0,0,0,0,0,0,0,-66,65,0,100,0,0,0,0,0,0,0,0,0,0,0,0,-1024,-1024,-1024,-1024,8,2136,0
3140,65,-68,0,0,0,0,0,0,0,0,0,0,0,0,0,0,-68,65,0,100,0,0,0,0,0,0,0,0,0,0,0,0,-1024,-1024,-1024,-1024,8,2140,0
3144,64,-69,0,0,0,0,0,0,0,0,0,0,0,0,0,0,-69,64,0,100,0,0,0,0,0,0,0,0,0,0,0,0,-1024,-1024,-1024,-1024,8,2144,0
3148,64,-70,0,0,0,0,0,0,0,0,0,0,0,0,0,0,-70,64,0,100,0,0,0,0,0,0,0,0,0,0,0,0,-1024,-1024,-1024,-1024,8,2148,0
3152,63,-71,0,0,0,0,0,0,0,0,0,0,0,0,0,0,-71,63,0,100,0,0,0,0,0,0,0,0,0,0,0,0,-1024,-1024,-1024,-1024,8,2152,0
3156,63,-72,0,0,0,0,0,0,0,0,0,0,0,0,0,0,-72,63,0,100,0,0,0,0,0,0,0,0,0,0,0,0,-1024,-1024,-1024,-1024,8,2156,0
3160,62,-73,0,0,0,0,0,0,0,0,0,0,0,0,0,0,-73,62,0,100,0,0,0,0,0,0,0,0,0,0,0,0,-1024,-1024,-1024,-1024,8,2160,0
3164,62,-74,0,0,0,0,0,0,0,0,0,0,0,0,0,0,-74,62,0,100,0,0,0,0,0,0,0,0,0,0,0,0,-1024,-1024,-1024,-1024,8,2164,0
3168,61,-74,0,0,0,0,0,0,0,0,0,0,0,0,0,0,-74,61,0,100,0,0,0,0,0,0,0,0,0,0,0,0,-1024,-1024,-1024,-1024,8,2168,0
3172,61,-75,0,0,0,0,0,0,0,0,0,0,0,0,0,0,-75,61,0,100,0,0,0,0,0,0,0,0,0,0,0,0,-1024,-1024,-1024,-1024,8,2172,0
3176,62,-76,0,0,0,0,0,0,0,0,0,0,0,0,0,0,-76,62,0,100,0,0,0,0,0,0,0,0,0,0,0,0,-1024,-1024,-1024,-1024,8,2176,0
3180,62,-78,0,0,0,0,0,0,0,0,0,0,0,0,0,0,-78,62,0,100,0,0,0,0,0,0,0,0,0,0,0,0,-1024,-1024,-1024,-1024,8,2180,0
3184,62,-81,0,0,0,0,0,0,0,0,0,0,0,0,0,0,-81,62,0,100,0,0,0,0,0,0,0,0,0,0,0,0,-1024,-1024,-1024,-1024,8,2184,0
3188,62,-84,0,0,0,0,0,0,0,0,0,0,0,0,0,0,-84,62,0,100,0,0,0,0,0,0,0,0,0,0,0,0,-1024,-1024,-1024,-1024,8,2188,0
3192,62,-87,0,0,0,0,0,0,0,0,0,0,0,0,0,0,-87,62,0,100,0,0,0,0,0,0,0,0,0,0,0,0,-1024,-1024,-1024,-1024,8,2192,0
3196,61,-89,0,0,0,0,0,0,0,0,0,0,0,0,0,0,-89,61,0,100,0,0,0,0,0,0,0,0,0,0,0,0,-1024,-1024,-1024,-1024,8,2196,0
3200,60,-92,0,0,0,0,0,0,0,0,0,0,0,0,0,0,-92,60,0,100,0,0,0,0,0,0,0,0,0,0,0,0,-1024,-1024,-1024,-1024,8,2200,0
3204,-31,-95,0,0,0,0,0,0,0,0,0,0,0,0,0,0,-95,-31,0,100,0,0,0,0,0,0,0,0,0,0,0,0,-1024,-1024,-1024,-1024,8,2204,0
3208,-32,-98,0,0,0,0,0,0,0,0,0,0,0,0,0,0,-98,-32,0,100,0,0,0,0,0,0,0,0,0,0,0,0,-1024,-1024,-1024,-1024,8,2208,0
3212,-33,-100,0,0,0,0,0,0,0,0,0,0,0,0,0,0,-100,-33,0,100,0,0,0,0,0,0,0,0,0,0,0,0,-1024,-1024,-1024,-1024,8,2212,0
3216,-34,-100,0,0,0,0,0,0,0,0,0,0,0,0,0,0,-100,-34,0,100,0,0,0,0,0,0,0,0,0,0,0,0,-1024,-1024,-1024,-1024,8,2216,0
3220,-35,-100,0,0,0,0,0,0,0,0,0,0,0,0,0,0,-100,-35,0,100,0,0,0,0,0,0,0,0,0,0,0,0,-1024,-1024,-1024,-1024,8,2220,0
3224,-35,-100,0,0,0,0,0,0,0,0,0,0,0,0,0,0,-100,-35,0,100,0,0,0,0,0,0,0,0,0,0,0,0,-1024,-1024,-1024,-1024,8,2224,0
3228,-36,-100,0,0,0,0,0,0,0,0,0,0,0,0,0,0,-100,-36,0,100,0,0,0,0,0,0,0,0,0,0,0,0,-1024,-1024,-1024,-1024,8,2228,0
3232,-37,-100,0,0,0,0,0,0,0,0,0,0,0,0,0,0,-100,-37,0,100,0,0,0,0,0,0,0,0,0,0,0,0,-1024,-1024,-1024,-1024,8,2232,0
3236,-37,-100,0,0,0,0,0,0,0,0,0,0,0,0,0,0,-100,-37,0,100,0,0,0,0,0,0,0,0,0,0,0,0,-1024,-1024,-1024,-1024,8,2236,0
3240,-38,-100,0,0,0,0,0,0,0,0,0,0,0,0,0,0,-100,-38,0,100,0,0,0,0,0,0,0,0,0,0,0,0,-1024,-1024,-1024,-1024,8,2240,0
3244,-38,-100,0,0,0,0,0,0,0,0,0,0,0,0,0,0,-100,-38,0,100,0,0,0,0,0,0,0,0,0,0,0,0,-1024,-1024,-1024,-1024,8,2244,0
3248,-38,-100,0,0,0,0,0,0,0,0,0,0,0,0,0,0,-100,-38,0,100,0,0,0,0,0,0,0,0,0,0,0,0,-1024,-1024,-1024,-1024,8,2248,0
3252,-38,-100,0,0,0,0,0,0,0,0,0,0,0,0,0,0,-100,-38,0,100,0,0,0,0,0,0,0,0,0,0,0,0,-1024,-1024,-1024,-1024,7.9,2252,0
3256,-38,-100,0,0,0,0,0,0,0,0,0,0,0,0,0,0,-100,-38,0,100,0,0,0,0,0,0,0,0,0,0,0,0,-1024,-1024,-1024,-1024,7.9,2256,0
3260,-38,-100,0,0,0,0,0,0,0,0,0,0,0,0,0,0,-100,-38,0,100,0,0,0,0,0,0,0,0,0,0,0,0,-1024,-1024,-1024,-1024,7.9,2260,0
3264,-37,-100,0,0,0,0,0,0,0,0,0,0,0,0,0,0,-100,-37,0,100,0,0,0,0,0,0,0,0,0,0,0,0,-1024,-1024,-1024,-1024,7.9,2264,0
3268,-37,-100,0,0,0,0,0,0,0,0,0,0,0,0,0,0,-100,-37,0,100,0,0,0,0,0,0,0,0,0,0,0,0,-1024,-1024,-1024,-1024,7.9,2268,0
3272,-36,-100,0,0,0,0,0,0,0,0,0,0,0,0,0,0,-100,-36,0,100,0,0,0,0,0,0,0,0,0,0,0,0,-1024,-1024,-1024,-1024,7.9,2272,0
3276,-35,-100,0,0,0,0,0,0,0,0,0,0,0,0,0,0,-100,-35,0,100,0,0,0,0,0,0,0,0,0,0,0,0,-1024,-1024,-1024,-1024,7.9,2276,0
3280,-35,-100,0,0,0,0,0,0,0,0,0,0,0,0,0,0,-100,-35,0,100,0,0,0,0,0,0,0,0,0,0,0,0,-1024,-1024,-1024,-1024,7.9,2280,0
3284,-34,-100,0,0,0,0,0,0,0,0,0,0,0,0,0,0,-100,-34,0,100,0,0,0,0,0,0,0,0,0,0,0,0,-1024,-1024,-1024,-1024,7.9,2284,0
3288,-33,-99,0,0,0,0,0,0,0,0,0,0,0,0,0,0,-99,-33,0,100,0,0,0,0,0,0,0,0,0,0,0,0,-1024,-1024,-1024,-1024,7.9,2288,0
3292,-32,-95,0,0,0,0,0,0,0,0,0,0,0,0,0,0,-95,-32,0,100,0,0,0,0,0,0,0,0,0,0,0,0,-1024,-1024,-1024,-1024,7.9,2292,0
3296,-31,-91,0,0,0,0,0,0,0,0,0,0,0,0,0,0,-91,-31,0,100,0,0,0,0,0,0,0,0,0,0,0,0,-1024,-1024,-1024,-1024,7.9,2296,0
3300,-30,-88,0,0,0,0,0,0,0,0,0,0,0,0,0,0,-88,-30,0,100,0,0,0,0,0,0,0,0,0,0,0,0,-1024,-1024,-1024,-1024,7.9,2300,0
3304,-29,-86,0,0,0,0,0,0,0,0,0,0,0,0,0,0,-86,-29,0,100,0,0,0,0,0,0,0,0,0,0,0,0,-1024,-1024,-1024,-1024,7.9,2304,0
3308,-28,-84,0,0,0,0,0,0,0,0,0,0,0,0,0,0,-84,-28,0,100,0,0,0,0,0,0,0,0,0,0,0,0,-1024,-1024,-1024,-1024,7.9,2308,0
3312,-27,-83,0,0,0,0,0,0,0,0,0,0,0,0,0,0,-83,-27,0,100,0,0,0,0,0,0,0,0,0,0,0,0,-1024,-1024,-1024,-1024,7.9,2312,0
3316,-26,-81,0,0,0,0,0,0,0,0,0,0,0,0,0,0,-81,-26,0,100,0,0,0,0,0,0,0,0,0,0,0,0,-1024,-1024,-1024,-1024,7.9,2316,0
3320,-25,-79,0,0,0,0,0,0,0,0,0,0,0,0,0,0,-79,-25,0,100,0,0,0,0,0,0,0,0,0,0,0,0,-1024,-1024,-1024,-1024,7.9,2320,0
3324,-25,-77,0,0,0,0,0,0,0,0,0,0,0,0,0,0,-77,-25,0,100,0,0,0,0,0,0,0,0,0,0,0,0,-1024,-1024,-1024,-1024,7.9,2324,0
3328,-24,-75,0,0,0,0,0,0,0,0,0,0,0,0,0,0,-75,-24,0,100,0,0,0,0,0,0,0,0,0,0,0,0,-1024,-1024,-1024,-1024,7.9,2328,0
3332,-23,-74,0,0,0,0,0,0,0,0,0,0,0,0,0,0,-74,-23,0,100,0,0,0,0,0,0,0,0,0,0,0,0,-1024,-1024,-1024,-1024,7.9,2332,0
3336,-23,-72,0,0,0,0,0,0,0,0,0,0,0,0,0,0,-72,-23,0,100,0,0,0,0,0,0,0,0,0,0,0,0,-1024,-1024,-1024,-1024,7.9,2336,0
3340,-22,-70,0,0,0,0,0,0,0,0,0,0,0,0,0,0,-70,-22,0,100,0,0,0,0,0,0,0,0,0,0,0,0,-1024,-1024,-1024,-1024,7.9,2340,0
3344,-22,-66,0,0,0,0,0,0,0,0,0,0,0,0,0,0,-66,-22,0,100,0,0,0,0,0,0,0,0,0,0,0,0,-1024,-1024,-1024,-1024,7.9,2344,0
3348,-22,-63,0,0,0,0,0,0,0,0,0,0,0,0,0,0,-63,-22,0,100,0,0,0,0,0,0,0,0,0,0,0,0,-1024,-1024,-1024,-1024,7.9,2348,0
3352,-22,-59,0,0,0,0,0,0,0,0,0,0,0,0,0,0,-59,-22,0,100,0,0,0,0,0,0,0,0,0,0,0,0,-1024,-1024,-1024,-1024,7.9,2352,0
3356,-22,-57,0,0,0,0,0,0,0,0,0,0,0,0,0,0,-57,-22,0,100,0,0,0,0,0,0,0,0,0,0,0,0,-1024,-1024,-1024,-1024,7.9,2356,0
3360,-22,-55,0,0,0,0,0,0,0,0,0,0,0,0,0,0,-55,-22,0,100,0,0,0,0,0,0,0,0,0,0,0,0,-1024,-1024,-1024,-1024,7.9,2360,0
3364,-23,-52,0,0,0,0,0,0,0,0,0,0,0,0,0,0,-52,-23,0,100,0,0,0,0,0,0,0,0,0,0,0,0,-1024,-1024,-1024,-1024,7.9,2364,0
3368,-23,-50,0,0,0,0,0,0,0,0,0,0,0,0,0,0,-50,-23,0,100,0,0,0,0,0,0,0,0,0,0,0,0,-1024,-1024,-1024,-1024,7.9,2368,0
3372,-24,-47,0,0,0,0,0,0,0,0,0,0,0,0,0,0,-47,-24,0,100,0,0,0,0,0,0,0,0,0,0,0,0,-1024,-1024,-1024,-1024,7.9,2372,0
3376,-25,-45,0,0,0,0,0,0,0,0,0,0,0,0,0,0,-45,-25,0,100,0,0,0,0,0,0,0,0,0,0,0,0,-1024,-1024,-1024,-1024,7.9,2376,0
3380,-25,-43,0,0,0,0,0,0,0,0,0,0,0,0,0,0,-43,-25,0,100,0,0,0,0,0,0,0,0,0,0,0,0,-1024,-1024,-1024,-1024,7.9,2380,0
3384,-26,-42,0,0,0,0,0,0,0,0,0,0,0,0,0,0,-42,-26,0,100,0,0,0,0,0,0,0,0,0,0,0,0,-1024,-1024,-1024,-1024,7.9,2384,0
3388,-27,-41,0,0,0,0,0,0,0,0,0,0,0,0,0,0,-41,-27,0,100,0,0,0,0,0,0,0,0,0,0,0,0,-1024,-1024,-1024,-1024,7.9,2388,0
3392,-28,-38,0,0,0,0,0,0,0,0,0,0,0,0,0,0,-38,-28,0,100,0,0,0,0,0,0,0,0,0,0,0,0,-1024,-1024,-1024,-1024,7.9,2392,0
3396,-29,-34,0,0,0,0,0,0,0,0,0,0,0,0,0,0,-34,-29,0,100,0,0,0,0,0,0,0,0,0,0,0,0,-1024,-1024,-1024,-1024,7.9,2396,0
3400,45,-30,0,0,0,0,0,0,0,0,0,0,0,0,0,0,-30,45,0,100,0,0,0,0,0,0,0,0,0,0,0,0,-1024,-1024,-1024,-1024,7.9,2400,0
3404,45,-26,0,0,0,0,0,0,0,0,0,0,0,0,0,0,-26,45,0,100,0,0,0,0,0,0,0,0,0,0,0,0,-1024,-1024,-1024,-1024,7.9,2404,0
3408,44,-23,0,0,0,0,0,0,0,0,0,0,0,0,0,0,-23,44,0,100,0,0,0,0,0,0,0,0,0,0,0,0,-1024,-1024,-1024,-1024,7.9,2408,0
3412,43,-19,0,0,0,0,0,0,0,0,0,0,0,0,0,0,-19,43,0,100,0,0,0,0,0,0,0,0,0,0,0,0,-1024,-1024,-1024,-1024,7.9,2412,0
3416,42,-14,0,0,0,0,0,0,0,0,0,0,0,0,0,0,-14,42,0,100,0,0,0,0,0,0,0,0,0,0,0,0,-1024,-1024,-1024,-1024,7.9,2416,0
3420,40,-10,0,0,0,0,0,0,0,0,0,0,0,0,0,0,-10,40,0,100,0,0,0,0,0,0,0,0,0,0,0,0,-1024,-1024,-1024,-1024,7.9,2420,0
3424,39,-5,0,0,0,0,0,0,0,0,0,0,0,0,0,0,-5,39,0,100,0,0,0,0,0,0,0,0,0,0,0,0,-1024,-1024,-1024,-1024,7.9,2424,0
3428,37,-1,0,0,0,0,0,0,0,0,0,0,0,0,0,0,-1,37,0,100,0,0,0,0,0,0,0,0,0,0,0,0,-1024,-1024,-1024,-1024,7.9,2428,0
3432,35,1,0,0,0,0,0,0,0,0,0,0,0,0,0,0,1,35,0,100,0,0,0,0,0,0,0,0,0,0,0,0,-1024,-1024,-1024,-1024,7.9,2432,0
3436,34,3,0,0,0,0,0,0,0,0,0,0,0,0,0,0,3,34,0,100,0,0,0,0,0,0,0,0,0,0,0,0,-1024,-1024,-1024,-1024,7.9,2436,0
3440,34,5,0,0,0,0,0,0,0,0,0,0,0,0,0,0,5,34,0,100,0,0,0,0,0,0,0,0,0,0,0,0,-1024,-1024,-1024,-1024,7.9,2440,0
3444,33,8,0,0,0,0,0,0,0,0,0,0,0,0,0,0,8,33,0,100,0,0,0,0,0,0,0,0,0,0,0,0,-1024,-1024,-1024,-1024,7.9,2444,0
3448,33,11,0,0,0,0,0,0,0,0,0,0,0,0,0,0,11,33,0,100,0,0,0,0,0,0,0,0,0,0,0,0,-1024,-1024,-1024,-1024,7.9,2448,0
3452,33,13,0,0,0,0,0,0,0,0,0,0,0,0,0,0,13,33,0,100,0,0,0,0,0,0,0,0,0,0,0,0,-1024,-1024,-1024,-1024,7.9,2452,0
3456,33,14,0,0,0,0,0,0,0,0,0,0,0,0,0,0,14,33,0,100,0,0,0,0,0,0,0,0,0,0,0,0,-1024,-1024,-1024,-1024,7.9,2456,0
3460,32,16,0,0,0,0,0,0,0,0,0,0,0,0,0,0,16,32,0,100,0,0,0,0,0,0,0,0,0,0,0,0,-1024,-1024,-1024,-1024,7.9,2460,0
3464,32,18,0,0,0,0,0,0,0,0,0,0,0,0,0,0,18,32,0,100,0,0,0,0,0,0,0,0,0,0,0,0,-1024,-1024,-1024,-1024,7.9,2464,0
3468,31,20,0,0,0,0,0,0,0,0,0,0,0,0,0,0,20,31,0,100,0,0,0,0,0,0,0,0,0,0,0,0,-1024,-1024,-1024,-1024,7.9,2468,0
3472,31,23,0,0,0,0,0,0,0,0,0,0,0,0,0,0,23,31,0,100,0,0,0,0,0,0,0,0,0,0,0,0,-1024,-1024,-1024,-1024,7.9,2472,0
3476,32,26,0,0,0,0,0,0,0,0,0,0,0,0,0,0,26,32,0,100,0,0,0,0,0,0,0,0,0,0,0,0,-1024,-1024,-1024,-1024,7.9,2476,0
3480,33,27,0,0,0,0,0,0,0,0,0,0,0,0,0,0,27,33,0,100,0,0,0,0,0,0,0,0,0,0,0,0,-1024,-1024,-1024,-1024,7.9,2480,0
3484,34,28,0,0,0,0,0,0,0,0,0,0,0,0,0,0,28,34,0,100,0,0,0,0,0,0,0,0,0,0,0,0,-1024,-1024,-1024,-1024,7.9,2484,0
3488,35,28,0,0,0,0,0,0,0,0,0,0,0,0,0,0,28,35,0,100,0,0,0,0,0,0,0,0,0,0,0,0,-1024,-1024,-1024,-1024,7.9,2488,0
3492,37,28,0,0,0,0,0,0,0,0,0,0,0,0,0,0,28,37,0,100,0,0,0,0,0,0,0,0,0,0,0,0,-1024,-1024,-1024,-1024,7.9,2492,0
3496,38,28,0,0,0,0,0,0,0,0,0,0,0,0,0,0,28,38,0,100,0,0,0,0,0,0,0,0,0,0,0,0,-1024,-1024,-1024,-1024,7.9,2496,0
3500,39,28,0,0,0,0,0,0,0,0,0,0,0,0,0,0,28,39,0,100,0,0,0,0,0,0,0,0,0,0,0,0,-1024,-1024,-1024,-1024,7.9,2500,0
3504,40,27,0,0,0,0,0,0,0,0,0,0,0,0,0,0,27,40,0,100,0,0,0,0,0,0,0,0,0,0,0,0,-1024,-1024,-1024,-1024,7.9,2504,0
3508,40,25,0,0,0,0,0,0,0,0,0,0,0,0,0,0,25,40,0,100,0,0,0,0,0,0,0,0,0,0,0,0,-1024,-1024,-1024,-1024,7.9,2508,0
3512,40,23,0,0,0,0,0,0,0,0,0,0,0,0,0,0,23,40,0,100,0,0,0,0,0,0,0,0,0,0,0,0,-1024,-1024,-1024,-1024,7.9,2512,0
3516,40,22,0,0,0,0,0,0,0,0,0,0,0,0,0,0,22,40,0,100,0,0,0,0,0,0,0,0,0,0,0,0,-1024,-1024,-1024,-1024,7.9,2516,0
3520,40,22,0,0,0,0,0,0,0,0,0,0,0,0,0,0,22,40,0,100,0,0,0,0,0,0,0,0,0,0,0,0,-1024,-1024,-1024,-1024,7.9,2520,0
3524,40,23,0,0,0,0,0,0,0,0,0,0,0,0,0,0,23,40,0,100,0,0,0,0,0,0,0,0,0,0,0,0,-1024,-1024,-1024,-1024,7.9,2524,0
3528,40,23,0,0,0,0,0,0,0,0,0,0,0,0,0,0,23,40,0,100,0,0,0,0,0,0,0,0,0,0,0,0,-1024,-1024,-1024,-1024,7.9,2528,0
3532,40,24,0,0,0,0,0,0,0,0,0,0,0,0,0,0,24,40,0,100,0,0,0,0,0,0,0,0,0,0,0,0,-1024,-1024,-1024,-1024,7.9,2532,0
3536,41,24,0,0,0,0,0,0,0,0,0,0,0,0,0,0,24,41,0,100,0,0,0,0,0,0,0,0,0,0,0,0,-1024,-1024,-1024,-1024,7.9,2536,0
3540,40,24,0,0,0,0,0,0,0,0,0,0,0,0,0,0,24,40,0,100,0,0,0,0,0,0,0,0,0,0,0,0,-1024,-1024,-1024,-1024,7.9,2540,0
3544,40,26,0,0,0,0,0,0,0,0,0,0,0,0,0,0,26,40,0,100,0,0,0,0,0,0,0,0,0,0,0,0,-1024,-1024,-1024,-1024,7.9,2544,0
3548,39,27,0,0,0,0,0,0,0,0,0,0,0,0,0,0,27,39,0,100,0,0,0,0,0,0,0,0,0,0,0,0,-1024,-1024,-1024,-1024,7.9,2548,0
3552,38,28,0,0,0,0,0,0,0,0,0,0,0,0,0,0,28,38,0,100,0,0,0,0,0,0,0,0,0,0,0,0,-1024,-1024,-1024,-1024,7.9,2552,0
3556,37,27,0,0,0,0,0,0,0,0,0,0,0,0,0,0,27,37,0,100,0,0,0,0,0,0,0,0,0,0,0,0,-1024,-1024,-1024,-1024,7.9,2556,0
3560,36,26,0,0,0,0,0,0,0,0,0,0,0,0,0,0,26,36,0,100,0,0,0,0,0,0,0,0,0,0,0,0,-1024,-1024,-1024,-1024,7.9,2560,0
3564,35,26,0,0,0,0,0,0,0,0,0,0,0,0,0,0,26,35,0,100,0,0,0,0,0,0,0,0,0,0,0,0,-1024,-1024,-1024,-1024,7.9,2564,0
3568,35,25,0,0,0,0,0,0,0,0,0,0,0,0,0,0,25,35,0,100,0,0,0,0,0,0,0,0,0,0,0,0,-1024,-1024,-1024,-1024,7.9,2568,0
3572,36,26,0,0,0,0,0,0,0,0,0,0,0,0,0,0,26,36,0,100,0,0,0,0,0,0,0,0,0,0,0,0,-1024,-1024,-1024,-1024,7.9,2572,0
3576,36,26,0,0,0,0,0,0,0,0,0,0,0,0,0,0,26,36,0,100,0,0,0,0,0,0,0,0,0,0,0,0,-1024,-1024,-1024,-1024,7.9,2576,0
3580,37,26,0,0,0,0,0,0,0,0,0,0,0,0,0,0,26,37,0,100,0,0,0,0,0,0,0,0,0,0,0,0,-1024,-1024,-1024,-1024,7.9,2580,0
3584,37,25,0,0,0,0,0,0,0,0,0,0,0,0,0,0,25,37,0,100,0,0,0,0,0,0,0,0,0,0,0,0,-1024,-1024,-1024,-1024,7.9,2584,0
3588,37,25,0,0,0,0,0,0,0,0,0,0,0,0,0,0,25,37,0,100,0,0,0,0,0,0,0,0,0,0,0,0,-1024,-1024,-1024,-1024,7.9,2588,0
3592,37,27,0,0,0,0,0,0,0,0,0,0,0,0,0,0,27,37,0,100,0,0,0,0,0,0,0,0,0,0,0,0,-1024,-1024,-1024,-1024,7.9,2592,0
3596,37,28,0,0,0,0,0,0,0,0,0,0,0,0,0,0,28,37,0,100,0,0,0,0,0,0,0,0,0,0,0,0,-1024,-1024,-1024,-1024,7.9,2596,0
3600,36,30,0,0,0,0,0,0,0,0,0,0,0,0,0,0,30,36,0,100,0,0,0,0,0,0,0,0,0,0,0,0,-1024,-1024,-1024,-1024,7.9,2600,0
3604,36,31,0,0,0,0,0,0,0,0,0,0,0,0,0,0,31,36,0,100,0,0,0,0,0,0,0,0,0,0,0,0,-1024,-1024,-1024,-1024,7.9,2604,0
3608,36,31,0,0,0,0,0,0,0,0,0,0,0,0,0,0,31,36,0,100,0,0,0,0,0,0,0,0,0,0,0,0,-1024,-1024,-1024,-1024,7.9,2608,0
3612,36,30,0,0,0,0,0,0,0,0,0,0,0,0,0,0,30,36,0,100,0,0,0,0,0,0,0,0,0,0,0,0,-1024,-1024,-1024,-1024,7.9,2612,0
3616,36,30,0,0,0,0,0,0,0,0,0,0,0,0,0,0,30,36,0,100,0,0,0,0,0,0,0,0,0,0,0,0,-1024,-1024,-1024,-1024,7.9,2616,0
3620,36,29,0,0,0,0,0,0,0,0,0,0,0,0,0,0,29,36,0,100,0,0,0,0,0,0,0,0,0,0,0,0,-1024,-1024,-1024,-1024,7.9,2620,0
3624,36,29,0,0,0,0,0,0,0,0,0,0,0,0,0,0,29,36,0,100,0,0,0,0,0,0,0,0,0,0,0,0,-1024,-1024,-1024,-1024,7.9,2624,0
3628,35,28,0,0,0,0,0,0,0,0,0,0,0,0,0,0,28,35,0,100,0,0,0,0,0,0,0,0,0,0,0,0,-1024,-1024,-1024,-1024,7.9,2628,0
3632,34,26,0,0,0,0,0,0,0,0,0,0,0,0,0,0,26,34,0,100,0,0,0,0,0,0,0,0,0,0,0,0,-1024,-1024,-1024,-1024,7.9,2632,0
3636,33,24,0,0,0,0,0,0,0,0,0,0,0,0,0,0,24,33,0,100,0,0,0,0,0,0,0,0,0,0,0,0,-1024,-1024,-1024,-1024,7.9,2636,0
3640,31,22,0,0,0,0,0,0,0,0,0,0,0,0,0,0,22,31,0,100,0,0,0,0,0,0,0,0,0,0,0,0,-1024,-1024,-1024,-1024,7.9,2640,0
3644,30,22,0,0,0,0,0,0,0,0,0,0,0,0,0,0,22,30,0,100,0,0,0,0,0,0,0,0,0,0,0,0,-1024,-1024,-1024,-1024,7.9,2644,0
3648,28,23,0,0,0,0,0,0,0,0,0,0,0,0,0,0,23,28,0,100,0,0,0,0,0,0,0,0,0,0,0,0,-1024,-1024,-1024,-1024,7.9,2648,0
3652,26,24,0,0,0,0,0,0,0,0,0,0,0,0,0,0,24,26,0,100,0,0,0,0,0,0,0,0,0,0,0,0,-1024,-1024,-1024,-1024,7.9,2652,0
3656,25,24,0,0,0,0,0,0,0,0,0,0,0,0,0,0,24,25,0,100,0,0,0,0,0,0,0,0,0,0,0,0,-1024,-1024,-1024,-1024,7.9,2656,0
3660,24,24,0,0,0,0,0,0,0,0,0,0,0,0,0,0,24,24,0,100,0,0,0,0,0,0,0,0,0,0,0,0,-1024,-1024,-1024,-1024,7.9,2660,0
3664,24,25,0,0,0,0,0,0,0,0,0,0,0,0,0,0,25,24,0,100,0,0,0,0,0,0,0,0,0,0,0,0,-1024,-1024,-1024,-1024,7.9,2664,0
3668,24,27,0,0,0,0,0,0,0,0,0,0,0,0,0,0,27,24,0,100,0,0,0,0,0,0,0,0,0,0,0,0,-1024,-1024,-1024,-1024,7.9,2668,0
3672,23,29,0,0,0,0,0,0,0,0,0,0,0,0,0,0,29,23,0,100,0,0,0,0,0,0,0,0,0,0,0,0,-1024,-1024,-1024,-1024,7.9,2672,0
3676,23,31,0,0,0,0,0,0,0,0,0,0,0,0,0,0,31,23,0,100,0,0,0,0,0,0,0,0,0,0,0,0,-1024,-1024,-1024,-1024,7.9,2676,0
3680,22,31,0,0,0,0,0,0,0,0,0,0,0,0,0,0,31,22,0,100,0,0,0,0,0,0,0,0,0,0,0,0,-1024,-1024,-1024,-1024,7.9,2680,0
3684,22,32,0,0,0,0,0,0,0,0,0,0,0,0,0,0,32,22,0,100,0,0,0,0,0,0,0,0,0,0,0,0,-1024,-1024,-1024,-1024,7.9,2684,0
3688,21,32,0,0,0,0,0,0,0,0,0,0,0,0,0,0,32,21,0,100,0,0,0,0,0,0,0,0,0,0,0,0,-1024,-1024,-1024,-1024,7.9,2688,0
3692,21,33,0,0,0,0,0,0,0,0,0,0,0,0,0,0,33,21,0,100,0,0,0,0,0,0,0,0,0,0,0,0,-1024,-1024,-1024,-1024,7.9,2692,0
3696,22,35,0,0,0,0,0,0,0,0,0,0,0,0,0,0,35,22,0,100,0,0,0,0,0,0,0,0,0,0,0,0,-1024,-1024,-1024,-1024,7.9,2696,0
3700,22,37,0,0,0,0,0,0,0,0,0,0,0,0,0,0,37,22,0,100,0,0,0,0,0,0,0,0,0,0,0,0,-1024,-1024,-1024,-1024,7.9,2700,0
3704,24,39,0,0,0,0,0,0,0,0,0,0,0,0,0,0,39,24,0,100,0,0,0,0,0,0,0,0,0,0,0,0,-1024,-1024,-1024,-1024,7.9,2704,0
3708,25,41,0,0,0,0,0,0,0,0,0,0,0,0,0,0,41,25,0,100,0,0,0,0,0,0,0,0,0,0,0,0,-1024,-1024,-1024,-1024,7.9,2708,0
3712,26,44,0,0,0,0,0,0,0,0,0,0,0,0,0,0,44,26,0,100,0,0,0,0,0,0,0,0,0,0,0,0,-1024,-1024,-1024,-1024,7.9,2712,0
3716,28,47,0,0,0,0,0,0,0,0,0,0,0,0,0,0,47,28,0,100,0,0,0,0,0,0,0,0,0,0,0,0,-1024,-1024,-1024,-1024,7.9,2716,0
3720,28,51,0,0,0,0,0,0,0,0,0,0,0,0,0,0,51,28,0,100,0,0,0,0,0,0,0,0,0,0,0,0,-1024,-1024,-1024,-1024,7.9,2720,0
3724,29,56,0,0,0,0,0,0,0,0,0,0,0,0,0,0,56,29,0,100,0,0,0,0,0,0,0,0,0,0,0,0,-1024,-1024,-1024,-1024,7.9,2724,0
3728,29,60,0,0,0,0,0,0,0,0,0,0,0,0,0,0,60,29,0,100,0,0,0,0,0,0,0,0,0,0,0,0,-1024,-1024,-1024,-1024,7.9,2728,0
3732,29,63,0,0,0,0,0,0,0,0,0,0,0,0,0,0,63,29,0,100,0,0,0,0,0,0,0,0,0,0,0,0,-1024,-1024,-1024,-1024,7.9,2732,0
3736,29,65,0,0,0,0,0,0,0,0,0,0,0,0,0,0,65,29,0,100,0,0,0,0,0,0,0,0,0,0,0,0,-1024,-1024,-1024,-1024,7.9,2736,0
3740,29,68,0,0,0,0,0,0,0,0,0,0,0,0,0,0,68,29,0,100,0,0,0,0,0,0,0,0,0,0,0,0,-1024,-1024,-1024,-1024,7.9,2740,0
3744,30,70,0,0,0,0,0,0,0,0,0,0,0,0,0,0,70,30,0,100,0,0,0,0,0,0,0,0,0,0,0,0,-1024,-1024,-1024,-1024,7.9,2744,0
3748,30,73,0,0,0,0,0,0,0,0,0,0,0,0,0,0,73,30,0,100,0,0,0,0,0,0,0,0,0,0,0,0,-1024,-1024,-1024,-1024,7.9,2748,0
3752,31,75,0,0,0,0,0,0,0,0,0,0,0,0,0,0,75,31,0,100,0,0,0,0,0,0,0,0,0,0,0,0,-1024,-1024,-1024,-1024,7.8,2752,0
3756,32,76,0,0,0,0,0,0,0,0,0,0,0,0,0,0,76,32,0,100,0,0,0,0,0,0,0,0,0,0,0,0,-1024,-1024,-1024,-1024,7.8,2756,0
3760,32,76,0,0,0,0,0,0,0,0,0,0,0,0,0,0,76,32,0,100,0,0,0,0,0,0,0,0,0,0,0,0,-1024,-1024,-1024,-1024,7.8,2760,0
3764,32,77,0,0,0,0,0,0,0,0,0,0,0,0,0,0,77,32,0,100,0,0,0,0,0,0,0,0,0,0,0,0,-1024,-1024,-1024,-1024,7.8,2764,0
3768,32,78,0,0,0,0,0,0,0,0,0,0,0,0,0,0,78,32,0,100,0,0,0,0,0,0,0,0,0,0,0,0,-1024,-1024,-1024,-1024,7.8,2768,0
3772,31,81,0,0,0,0,0,0,0,0,0,0,0,0,0,0,81,31,0,100,0,0,0,0,0,0,0,0,0,0,0,0,-1024,-1024,-1024,-1024,7.8,2772,0
3776,31,83,0,0,0,0,0,0,0,0,0,0,0,0,0,0,83,31,0,100,0,0,0,0,0,0,0,0,0,0,0,0,-1024,-1024,-1024,-1024,7.8,2776,0
3780,31,85,0,0,0,0,0,0,0,0,0,0,0,0,0,0,85,31,0,100,0,0,0,0,0,0,0,0,0,0,0,0,-1024,-1024,-1024,-1024,7.8,2780,0
3784,31,87,0,0,0,0,0,0,0,0,0,0,0,0,0,0,87,31,0,100,0,0,0,0,0,0,0,0,0,0,0,0,-1024,-1024,-1024,-1024,7.8,2784,0
3788,32,88,0,0,0,0,0,0,0,0,0,0,0,0,0,0,88,32,0,100,0,0,0,0,0,0,0,0,0,0,0,0,-1024,-1024,-1024,-1024,7.8,2788,0
3792,33,90,0,0,0,0,0,0,0,0,0,0,0,0,0,0,90,33,0,100,0,0,0,0,0,0,0,0,0,0,0,0,-1024,-1024,-1024,-1024,7.8,2792,0
3796,34,93,0,0,0,0,0,0,0,0,0,0,0,0,0,0,93,34,0,100,0,0,0,0,0,0,0,0,0,0,0,0,-1024,-1024,-1024,-1024,7.8,2796,0
3800,35,94,0,0,0,0,0,0,0,0,0,0,0,0,0,0,94,35,0,100,0,0,0,0,0,0,0,0,0,0,0,0,-1024,-1024,-1024,-1024,7.8,2800,0
3804,37,95,0,0,0,0,0,0,0,0,0,0,0,0,0,0,95,37,0,100,0,0,0,0,0,0,0,0,0,0,0,0,-1024,-1024,-1024,-1024,7.8,2804,0
3808,38,95,0,0,0,0,0,0,0,0,0,0,0,0,0,0,95,38,0,100,0,0,0,0,0,0,0,0,0,0,0,0,-1024,-1024,-1024,-1024,7.8,2808,0
3812,38,95,0,0,0,0,0,0,0,0,0,0,0,0,0,0,95,38,0,100,0,0,0,0,0,0,0,0,0,0,0,0,-1024,-1024,-1024,-1024,7.8,2812,0
3816,39,95,0,0,0,0,0,0,0,0,0,0,0,0,0,0,95,39,0,100,0,0,0,0,0,0,0,0,0,0,0,0,-1024,-1024,-1024,-1024,7.8,2816,0
3820,39,96,0,0,0,0,0,0,0,0,0,0,0,0,0,0,96,39,0,100,0,0,0,0,0,0,0,0,0,0,0,0,-1024,-1024,-1024,-1024,7.8,2820,0
3824,39,97,0,0,0,0,0,0,0,0,0,0,0,0,0,0,97,39,0,100,0,0,0,0,0,0,0,0,0,0,0,0,-1024,-1024,-1024,-1024,7.8,2824,0
3828,40,98,0,0,0,0,0,0,0,0,0,0,0,0,0,0,98,40,0,100,0,0,0,0,0,0,0,0,0,0,0,0,-1024,-1024,-1024,-1024,7.8,2828,0
3832,40,99,0,0,0,0,0,0,0,0,0,0,0,0,0,0,99,40,0,100,0,0,0,0,0,0,0,0,0,0,0,0,-1024,-1024,-1024,-1024,7.8,2832,0
3836,41,99,0,0,0,0,0,0,0,0,0,0,0,0,0,0,99,41,0,100,0,0,0,0,0,0,0,0,0,0,0,0,-1024,-1024,-1024,-1024,7.8,2836,0
3840,42,100,0,0,0,0,0,0,0,0,0,0,0,0,0,0,100,42,0,100,0,0,0,0,0,0,0,0,0,0,0,0,-1024,-1024,-1024,-1024,7.8,2840,0
3844,42,100,0,0,0,0,0,0,0,0,0,0,0,0,0,0,100,42,0,100,0,0,0,0,0,0,0,0,0,0,0,0,-1024,-1024,-1024,-1024,7.8,2844,0
3848,42,100,0,0,0,0,0,0,0,0,0,0,0,0,0,0,100,42,0,100,0,0,0,0,0,0,0,0,0,0,0,0,-1024,-1024,-1024,-1024,7.8,2848,0
3852,41,100,0,0,0,0,0,0,0,0,0,0,0,0,0,0,100,41,0,100,0,0,0,0,0,0,0,0,0,0,0,0,-1024,-1024,-1024,-1024,7.8,2852,0
3856,40,100,0,0,0,0,0,0,0,0,0,0,0,0,0,0,100,40,0,100,0,0,0,0,0,0,0,0,0,0,0,0,-1024,-1024,-1024,-1024,7.8,2856,0
3860,39,100,0,0,0,0,0,0,0,0,0,0,0,0,0,0,100,39,0,100,0,0,0,0,0,0,0,0,0,0,0,0,-1024,-1024,-1024,-1024,7.8,2860,0
3864,37,100,0,0,0,0,0,0,0,0,0,0,0,0,0,0,100,37,0,100,0,0,0,0,0,0,0,0,0,0,0,0,-1024,-1024,-1024,-1024,7.8,2864,0
3868,36,100,0,0,0,0,0,0,0,0,0,0,0,0,0,0,100,36,0,100,0,0,0,0,0,0,0,0,0,0,0,0,-1024,-1024,-1024,-1024,7.8,2868,0
3872,35,100,0,0,0,0,0,0,0,0,0,0,0,0,0,0,100,35,0,100,0,0,0,0,0,0,0,0,0,0,0,0,-1024,-1024,-1024,-1024,7.8,2872,0
3876,34,100,0,0,0,0,0,0,0,0,0,0,0,0,0,0,100,34,0,100,0,0,0,0,0,0,0,0,0,0,0,0,-1024,-1024,-1024,-1024,7.8,2876,0
3880,33,100,0,0,0,0,0,0,0,0,0,0,0,0,0,0,100,33,0,100,0,0,0,0,0,0,0,0,0,0,0,0,-1024,-1024,-1024,-1024,7.8,2880,0
3884,33,100,0,0,0,0,0,0,0,0,0,0,0,0,0,0,100,33,0,100,0,0,0,0,0,0,0,0,0,0,0,0,-1024,-1024,-1024,-1024,7.8,2884,0
3888,33,100,0,0,0,0,0,0,0,0,0,0,0,0,0,0,100,33,0,100,0,0,0,0,0,0,0,0,0,0,0,0,-1024,-1024,-1024,-1024,7.8,2888,0
3892,33,100,0,0,0,0,0,0,0,0,0,0,0,0,0,0,100,33,0,100,0,0,0,0,0,0,0,0,0,0,0,0,-1024,-1024,-1024,-1024,7.8,2892,0
3896,32,100,0,0,0,0,0,0,0,0,0,0,0,0,0,0,100,32,0,100,0,0,0,0,0,0,0,0,0,0,0,0,-1024,-1024,-1024,-1024,7.8,2896,0
3900,32,100,0,0,0,0,0,0,0,0,0,0,0,0,0,0,100,32,0,100,0,0,0,0,0,0,0,0,0,0,0,0,-1024,-1024,-1024,-1024,7.8,2900,0
3904,31,100,0,0,0,0,0,0,0,0,0,0,0,0,0,0,100,31,0,100,0,0,0,0,0,0,0,0,0,0,0,0,-1024,-1024,-1024,-1024,7.8,2904,0
3908,31,99,0,0,0,0,0,0,0,0,0,0,0,0,0,0,99,31,0,100,0,0,0,0,0,0,0,0,0,0,0,0,-1024,-1024,-1024,-1024,7.8,2908,0
3912,31,97,0,0,0,0,0,0,0,0,0,0,0,0,0,0,97,31,0,100,0,0,0,0,0,0,0,0,0,0,0,0,-1024,-1024,-1024,-1024,7.8,2912,0
3916,31,95,0,0,0,0,0,0,0,0,0,0,0,0,0,0,95,31,0,100,0,0,0,0,0,0,0,0,0,0,0,0,-1024,-1024,-1024,-1024,7.8,2916,0
3920,32,93,0,0,0,0,0,0,0,0,0,0,0,0,0,0,93,32,0,100,0,0,0,0,0,0,0,0,0,0,0,0,-1024,-1024,-1024,-1024,7.8,2920,0
3924,33,91,0,0,0,0,0,0,0,0,0,0,0,0,0,0,91,33,0,100,0,0,0,0,0,0,0,0,0,0,0,0,-1024,-1024,-1024,-1024,7.8,2924,0
3928,34,88,0,0,0,0,0,0,0,0,0,0,0,0,0,0,88,34,0,100,0,0,0,0,0,0,0,0,0,0,0,0,-1024,-1024,-1024,-1024,7.8,2928,0
3932,35,83,0,0,0,0,0,0,0,0,0,0,0,0,0,0,83,35,0,100,0,0,0,0,0,0,0,0,0,0,0,0,-1024,-1024,-1024,-1024,7.8,2932,0
3936,36,79,0,0,0,0,0,0,0,0,0,0,0,0,0,0,79,36,0,100,0,0,0,0,0,0,0,0,0,0,0,0,-1024,-1024,-1024,-1024,7.8,2936,0
3940,37,74,0,0,0,0,0,0,0,0,0,0,0,0,0,0,74,37,0,100,0,0,0,0,0,0,0,0,0,0,0,0,-1024,-1024,-1024,-1024,7.8,2940,0
3944,37,70,0,0,0,0,0,0,0,0,0,0,0,0,0,0,70,37,0,100,0,0,0,0,0,0,0,0,0,0,0,0,-1024,-1024,-1024,-1024,7.8,2944,0
3948,37,66,0,0,0,0,0,0,0,0,0,0,0,0,0,0,66,37,0,100,0,0,0,0,0,0,0,0,0,0,0,0,-1024,-1024,-1024,-1024,7.8,2948,0
3952,37,63,0,0,0,0,0,0,0,0,0,0,0,0,0,0,63,37,0,100,0,0,0,0,0,0,0,0,0,0,0,0,-1024,-1024,-1024,-1024,7.8,2952,0
3956,37,59,0,0,0,0,0,0,0,0,0,0,0,0,0,0,59,37,0,100,0,0,0,0,0,0,0,0,0,0,0,0,-1024,-1024,-1024,-1024,7.8,2956,0
3960,37,56,0,0,0,0,0,0,0,0,0,0,0,0,0,0,56,37,0,100,0,0,0,0,0,0,0,0,0,0,0,0,-1024,-1024,-1024,-1024,7.8,2960,0
3964,37,53,0,0,0,0,0,0,0,0,0,0,0,0,0,0,53,37,0,100,0,0,0,0,0,0,0,0,0,0,0,0,-1024,-1024,-1024,-1024,7.8,2964,0
3968,37,51,0,0,0,0,0,0,0,0,0,0,0,0,0,0,51,37,0,100,0,0,0,0,0,0,0,0,0,0,0,0,-1024,-1024,-1024,-1024,7.8,2968,0
3972,38,50,0,0,0,0,0,0,0,0,0,0,0,0,0,0,50,38,0,100,0,0,0,0,0,0,0,0,0,0,0,0,-1024,-1024,-1024,-1024,7.8,2972,0
3976,39,49,0,0,0,0,0,0,0,0,0,0,0,0,0,0,49,39,0,100,0,0,0,0,0,0,0,0,0,0,0,0,-1024,-1024,-1024,-1024,7.8,2976,0
3980,39,47,0,0,0,0,0,0,0,0,0,0,0,0,0,0,47,39,0,100,0,0,0,0,0,0,0,0,0,0,0,0,-1024,-1024,-1024,-1024,7.8,2980,0
3984,39,44,0,0,0,0,0,0,0,0,0,0,0,0,0,0,44,39,0,100,0,0,0,0,0,0,0,0,0,0,0,0,-1024,-1024,-1024,-1024,7.8,2984,0
3988,39,41,0,0,0,0,0,0,0,0,0,0,0,0,0,0,41,39,0,100,0,0,0,0,0,0,0,0,0,0,0,0,-1024,-1024,-1024,-1024,7.8,2988,0
3992,39,38,0,0,0,0,0,0,0,0,0,0,0,0,0,0,38,39,0,100,0,0,0,0,0,0,0,0,0,0,0,0,-1024,-1024,-1024,-1024,7.8,2992,0
3996,39,36,0,0,0,0,0,0,0,0,0,0,0,0,0,0,36,39,0,100,0,0,0,0,0,0,0,0,0,0,0,0,-1024,-1024,-1024,-1024,7.8,2996,0
